SET session_replication_role = replica;

--
-- PostgreSQL database dump
--

-- \restrict fHtfjNa2OhBuYqJ9X0fB8RVWGYFZZmW70FSGLarE05rLHW1Yj1C9RW3UA0WWdHi

-- Dumped from database version 17.6
-- Dumped by pg_dump version 17.6

SET statement_timeout = 0;
SET lock_timeout = 0;
SET idle_in_transaction_session_timeout = 0;
SET transaction_timeout = 0;
SET client_encoding = 'UTF8';
SET standard_conforming_strings = on;
SELECT pg_catalog.set_config('search_path', '', false);
SET check_function_bodies = false;
SET xmloption = content;
SET client_min_messages = warning;
SET row_security = off;

--
-- Data for Name: audit_log_entries; Type: TABLE DATA; Schema: auth; Owner: supabase_auth_admin
--

INSERT INTO "auth"."audit_log_entries" ("instance_id", "id", "payload", "created_at", "ip_address") VALUES
	('00000000-0000-0000-0000-000000000000', '0ba77825-85dd-403f-8086-db19740de187', '{"action":"user_signedup","actor_id":"748ba0b1-73d2-49ec-b48c-1f7a20df69bb","actor_username":"alejandro1@sgedd.com","actor_via_sso":false,"log_type":"team","traits":{"provider":"email"}}', '2025-11-28 03:42:47.029531+00', ''),
	('00000000-0000-0000-0000-000000000000', 'e4c30e33-0361-4f7e-acd8-c2c3946d3374', '{"action":"login","actor_id":"748ba0b1-73d2-49ec-b48c-1f7a20df69bb","actor_username":"alejandro1@sgedd.com","actor_via_sso":false,"log_type":"account","traits":{"provider":"email"}}', '2025-11-28 03:42:47.038636+00', ''),
	('00000000-0000-0000-0000-000000000000', 'cfb1fc75-a356-4f16-bc69-d5c9bd3d2a02', '{"action":"logout","actor_id":"748ba0b1-73d2-49ec-b48c-1f7a20df69bb","actor_username":"alejandro1@sgedd.com","actor_via_sso":false,"log_type":"account"}', '2025-11-28 03:42:59.975266+00', ''),
	('00000000-0000-0000-0000-000000000000', 'f947d665-fdc3-4325-8590-7bd4e62ad0a5', '{"action":"user_signedup","actor_id":"53798262-7c9d-4764-94e5-31e00c1790c5","actor_username":"cesar1@sgedd.com","actor_via_sso":false,"log_type":"team","traits":{"provider":"email"}}', '2025-11-28 03:43:17.068667+00', ''),
	('00000000-0000-0000-0000-000000000000', 'bfa1f060-1ba1-45c8-93e8-f2dabeaa07c8', '{"action":"login","actor_id":"53798262-7c9d-4764-94e5-31e00c1790c5","actor_username":"cesar1@sgedd.com","actor_via_sso":false,"log_type":"account","traits":{"provider":"email"}}', '2025-11-28 03:43:17.079428+00', ''),
	('00000000-0000-0000-0000-000000000000', 'afc7ce97-5ded-493a-aaf7-8e8c6a51e70c', '{"action":"logout","actor_id":"53798262-7c9d-4764-94e5-31e00c1790c5","actor_username":"cesar1@sgedd.com","actor_via_sso":false,"log_type":"account"}', '2025-11-28 03:43:20.980965+00', ''),
	('00000000-0000-0000-0000-000000000000', 'cdbceb17-e72b-436c-a212-7e4de9226227', '{"action":"user_signedup","actor_id":"1d9c6248-0cc0-4496-b8ca-1fa012fbf38e","actor_username":"diego1@sgedd.com","actor_via_sso":false,"log_type":"team","traits":{"provider":"email"}}', '2025-11-28 03:43:36.979819+00', ''),
	('00000000-0000-0000-0000-000000000000', '6f9c50cd-924d-44fc-912b-d0616b5173e6', '{"action":"login","actor_id":"1d9c6248-0cc0-4496-b8ca-1fa012fbf38e","actor_username":"diego1@sgedd.com","actor_via_sso":false,"log_type":"account","traits":{"provider":"email"}}', '2025-11-28 03:43:36.990798+00', ''),
	('00000000-0000-0000-0000-000000000000', '053e755e-ef1a-4d79-9489-d9d5030e6284', '{"action":"logout","actor_id":"1d9c6248-0cc0-4496-b8ca-1fa012fbf38e","actor_username":"diego1@sgedd.com","actor_via_sso":false,"log_type":"account"}', '2025-11-28 03:43:39.477166+00', ''),
	('00000000-0000-0000-0000-000000000000', 'da8bc367-6ca6-4d3d-a951-29e5229eb433', '{"action":"login","actor_id":"53798262-7c9d-4764-94e5-31e00c1790c5","actor_username":"cesar1@sgedd.com","actor_via_sso":false,"log_type":"account","traits":{"provider":"email"}}', '2025-11-28 05:56:19.202968+00', ''),
	('00000000-0000-0000-0000-000000000000', 'ded0b41b-6339-4ace-9d65-3b9354d26806', '{"action":"logout","actor_id":"53798262-7c9d-4764-94e5-31e00c1790c5","actor_username":"cesar1@sgedd.com","actor_via_sso":false,"log_type":"account"}', '2025-11-28 05:56:53.318014+00', ''),
	('00000000-0000-0000-0000-000000000000', '5aef1d6d-5226-4e7f-9c5a-b1ac06ef3d5f', '{"action":"login","actor_id":"748ba0b1-73d2-49ec-b48c-1f7a20df69bb","actor_username":"alejandro1@sgedd.com","actor_via_sso":false,"log_type":"account","traits":{"provider":"email"}}', '2025-11-28 05:57:03.698698+00', ''),
	('00000000-0000-0000-0000-000000000000', 'f9a193fe-3dab-48e8-91c4-c25ff6f9e330', '{"action":"token_refreshed","actor_id":"748ba0b1-73d2-49ec-b48c-1f7a20df69bb","actor_username":"alejandro1@sgedd.com","actor_via_sso":false,"log_type":"token"}', '2025-11-28 06:57:29.690022+00', ''),
	('00000000-0000-0000-0000-000000000000', 'd067cec0-9753-4949-b708-d8c95fbd6834', '{"action":"token_revoked","actor_id":"748ba0b1-73d2-49ec-b48c-1f7a20df69bb","actor_username":"alejandro1@sgedd.com","actor_via_sso":false,"log_type":"token"}', '2025-11-28 06:57:29.694714+00', ''),
	('00000000-0000-0000-0000-000000000000', 'e4c4c4da-dbfc-491a-bf14-bf52e5d351e8', '{"action":"token_refreshed","actor_id":"748ba0b1-73d2-49ec-b48c-1f7a20df69bb","actor_username":"alejandro1@sgedd.com","actor_via_sso":false,"log_type":"token"}', '2025-11-28 06:57:30.514597+00', ''),
	('00000000-0000-0000-0000-000000000000', '9bf26fa5-6c52-42bc-bfc0-1504b6f0e414', '{"action":"token_refreshed","actor_id":"748ba0b1-73d2-49ec-b48c-1f7a20df69bb","actor_username":"alejandro1@sgedd.com","actor_via_sso":false,"log_type":"token"}', '2025-11-28 06:57:30.697209+00', ''),
	('00000000-0000-0000-0000-000000000000', 'd3409aac-4de8-42a4-a653-0217e9aa73ef', '{"action":"token_refreshed","actor_id":"748ba0b1-73d2-49ec-b48c-1f7a20df69bb","actor_username":"alejandro1@sgedd.com","actor_via_sso":false,"log_type":"token"}', '2025-11-28 07:56:23.436977+00', ''),
	('00000000-0000-0000-0000-000000000000', '7308179a-7ee2-49c5-9971-5220f167512c', '{"action":"token_revoked","actor_id":"748ba0b1-73d2-49ec-b48c-1f7a20df69bb","actor_username":"alejandro1@sgedd.com","actor_via_sso":false,"log_type":"token"}', '2025-11-28 07:56:23.441789+00', ''),
	('00000000-0000-0000-0000-000000000000', 'c8d89583-2fcb-4847-8aab-109f72154f76', '{"action":"token_refreshed","actor_id":"748ba0b1-73d2-49ec-b48c-1f7a20df69bb","actor_username":"alejandro1@sgedd.com","actor_via_sso":false,"log_type":"token"}', '2025-11-28 09:21:08.932277+00', ''),
	('00000000-0000-0000-0000-000000000000', 'f0d29022-7df5-4c83-b0d2-862b5190da26', '{"action":"token_revoked","actor_id":"748ba0b1-73d2-49ec-b48c-1f7a20df69bb","actor_username":"alejandro1@sgedd.com","actor_via_sso":false,"log_type":"token"}', '2025-11-28 09:21:08.958536+00', ''),
	('00000000-0000-0000-0000-000000000000', '39bfb952-7fee-4dfe-8746-5ace995d4423', '{"action":"token_refreshed","actor_id":"748ba0b1-73d2-49ec-b48c-1f7a20df69bb","actor_username":"alejandro1@sgedd.com","actor_via_sso":false,"log_type":"token"}', '2025-11-28 09:21:25.761958+00', ''),
	('00000000-0000-0000-0000-000000000000', '77c5fc66-21f9-4b82-adfc-266c1d14d5bb', '{"action":"logout","actor_id":"748ba0b1-73d2-49ec-b48c-1f7a20df69bb","actor_username":"alejandro1@sgedd.com","actor_via_sso":false,"log_type":"account"}', '2025-11-28 09:59:04.206886+00', ''),
	('00000000-0000-0000-0000-000000000000', '6e17daf6-497d-4e99-a9f1-28a85302bcfb', '{"action":"login","actor_id":"748ba0b1-73d2-49ec-b48c-1f7a20df69bb","actor_username":"alejandro1@sgedd.com","actor_via_sso":false,"log_type":"account","traits":{"provider":"email"}}', '2025-11-28 09:59:13.256193+00', ''),
	('00000000-0000-0000-0000-000000000000', '99eba34c-ce67-4d8f-bb3e-2e5aa0b47512', '{"action":"logout","actor_id":"748ba0b1-73d2-49ec-b48c-1f7a20df69bb","actor_username":"alejandro1@sgedd.com","actor_via_sso":false,"log_type":"account"}', '2025-11-28 09:59:57.731136+00', ''),
	('00000000-0000-0000-0000-000000000000', '669e3c77-b7c4-4690-b41d-b365cb72895e', '{"action":"login","actor_id":"748ba0b1-73d2-49ec-b48c-1f7a20df69bb","actor_username":"alejandro1@sgedd.com","actor_via_sso":false,"log_type":"account","traits":{"provider":"email"}}', '2025-11-28 16:19:56.688211+00', ''),
	('00000000-0000-0000-0000-000000000000', '337f31d8-8a10-4181-b903-cfd1b28eec32', '{"action":"token_refreshed","actor_id":"748ba0b1-73d2-49ec-b48c-1f7a20df69bb","actor_username":"alejandro1@sgedd.com","actor_via_sso":false,"log_type":"token"}', '2025-12-01 05:13:37.052099+00', ''),
	('00000000-0000-0000-0000-000000000000', '38877dcc-3996-4a4c-bad4-462059e6cfba', '{"action":"token_revoked","actor_id":"748ba0b1-73d2-49ec-b48c-1f7a20df69bb","actor_username":"alejandro1@sgedd.com","actor_via_sso":false,"log_type":"token"}', '2025-12-01 05:13:37.061316+00', ''),
	('00000000-0000-0000-0000-000000000000', '273c7640-09f7-44ba-998a-2ccda856431b', '{"action":"token_refreshed","actor_id":"748ba0b1-73d2-49ec-b48c-1f7a20df69bb","actor_username":"alejandro1@sgedd.com","actor_via_sso":false,"log_type":"token"}', '2025-12-01 05:13:53.076934+00', ''),
	('00000000-0000-0000-0000-000000000000', 'd65971ef-cc0e-4b5b-a302-d3df96718d9c', '{"action":"token_refreshed","actor_id":"748ba0b1-73d2-49ec-b48c-1f7a20df69bb","actor_username":"alejandro1@sgedd.com","actor_via_sso":false,"log_type":"token"}', '2025-12-01 05:13:53.479393+00', ''),
	('00000000-0000-0000-0000-000000000000', '32e4045a-32a9-4459-862a-f5e6c2880dc2', '{"action":"logout","actor_id":"748ba0b1-73d2-49ec-b48c-1f7a20df69bb","actor_username":"alejandro1@sgedd.com","actor_via_sso":false,"log_type":"account"}', '2025-12-01 05:14:15.644929+00', ''),
	('00000000-0000-0000-0000-000000000000', '2f65bc38-3056-441f-9f23-5d8a0eeedd26', '{"action":"login","actor_id":"748ba0b1-73d2-49ec-b48c-1f7a20df69bb","actor_username":"alejandro1@sgedd.com","actor_via_sso":false,"log_type":"account","traits":{"provider":"email"}}', '2025-12-01 05:14:34.501509+00', ''),
	('00000000-0000-0000-0000-000000000000', '3afc4c3b-21f8-4351-bb9c-fd5a64ce4f99', '{"action":"token_refreshed","actor_id":"748ba0b1-73d2-49ec-b48c-1f7a20df69bb","actor_username":"alejandro1@sgedd.com","actor_via_sso":false,"log_type":"token"}', '2025-12-01 21:10:50.301745+00', ''),
	('00000000-0000-0000-0000-000000000000', 'c02f96c3-dad3-4079-9f65-14d8d53c0886', '{"action":"token_revoked","actor_id":"748ba0b1-73d2-49ec-b48c-1f7a20df69bb","actor_username":"alejandro1@sgedd.com","actor_via_sso":false,"log_type":"token"}', '2025-12-01 21:10:50.306845+00', ''),
	('00000000-0000-0000-0000-000000000000', '16f93a54-31ff-4a98-bf85-7eeba9923160', '{"action":"token_refreshed","actor_id":"748ba0b1-73d2-49ec-b48c-1f7a20df69bb","actor_username":"alejandro1@sgedd.com","actor_via_sso":false,"log_type":"token"}', '2025-12-01 21:11:10.71868+00', ''),
	('00000000-0000-0000-0000-000000000000', 'f67cd228-c9dc-4812-8874-c698e88a47ff', '{"action":"token_refreshed","actor_id":"748ba0b1-73d2-49ec-b48c-1f7a20df69bb","actor_username":"alejandro1@sgedd.com","actor_via_sso":false,"log_type":"token"}', '2025-12-01 21:11:11.065353+00', ''),
	('00000000-0000-0000-0000-000000000000', 'e96ff6a8-f7ce-4da1-a0c2-22aac90827cb', '{"action":"logout","actor_id":"748ba0b1-73d2-49ec-b48c-1f7a20df69bb","actor_username":"alejandro1@sgedd.com","actor_via_sso":false,"log_type":"account"}', '2025-12-01 21:11:58.517551+00', ''),
	('00000000-0000-0000-0000-000000000000', 'b51895b0-ab76-47bf-9b72-95279a758fc3', '{"action":"login","actor_id":"748ba0b1-73d2-49ec-b48c-1f7a20df69bb","actor_username":"alejandro1@sgedd.com","actor_via_sso":false,"log_type":"account","traits":{"provider":"email"}}', '2025-12-01 21:12:18.38699+00', ''),
	('00000000-0000-0000-0000-000000000000', '0dee9744-0036-4df3-acf5-fd1f58de09e6', '{"action":"logout","actor_id":"748ba0b1-73d2-49ec-b48c-1f7a20df69bb","actor_username":"alejandro1@sgedd.com","actor_via_sso":false,"log_type":"account"}', '2025-12-01 21:12:42.765813+00', ''),
	('00000000-0000-0000-0000-000000000000', '5a3984b4-714c-492a-85fb-5299720f3c85', '{"action":"login","actor_id":"53798262-7c9d-4764-94e5-31e00c1790c5","actor_username":"cesar1@sgedd.com","actor_via_sso":false,"log_type":"account","traits":{"provider":"email"}}', '2025-12-01 21:12:50.155874+00', ''),
	('00000000-0000-0000-0000-000000000000', 'c95ce7ba-5bf3-4f8b-8074-fd326c540296', '{"action":"logout","actor_id":"53798262-7c9d-4764-94e5-31e00c1790c5","actor_username":"cesar1@sgedd.com","actor_via_sso":false,"log_type":"account"}', '2025-12-01 21:46:11.965177+00', ''),
	('00000000-0000-0000-0000-000000000000', 'efc14cc4-b5e4-491f-8bf2-b0cea9c61cc6', '{"action":"login","actor_id":"748ba0b1-73d2-49ec-b48c-1f7a20df69bb","actor_username":"alejandro1@sgedd.com","actor_via_sso":false,"log_type":"account","traits":{"provider":"email"}}', '2025-12-01 21:46:18.026529+00', ''),
	('00000000-0000-0000-0000-000000000000', 'd8963c6e-6592-4c85-bfba-9c40c3d8f324', '{"action":"logout","actor_id":"748ba0b1-73d2-49ec-b48c-1f7a20df69bb","actor_username":"alejandro1@sgedd.com","actor_via_sso":false,"log_type":"account"}', '2025-12-01 21:47:48.419743+00', ''),
	('00000000-0000-0000-0000-000000000000', '3cb77bdc-c2b6-45fe-b5df-b530304cf949', '{"action":"login","actor_id":"53798262-7c9d-4764-94e5-31e00c1790c5","actor_username":"cesar1@sgedd.com","actor_via_sso":false,"log_type":"account","traits":{"provider":"email"}}', '2025-12-01 21:47:55.491762+00', ''),
	('00000000-0000-0000-0000-000000000000', 'f5029f6a-727c-4acc-a4ed-fcaa026bfc13', '{"action":"logout","actor_id":"53798262-7c9d-4764-94e5-31e00c1790c5","actor_username":"cesar1@sgedd.com","actor_via_sso":false,"log_type":"account"}', '2025-12-01 21:48:17.343132+00', ''),
	('00000000-0000-0000-0000-000000000000', 'e5c7d812-2bdf-4abb-90c8-39b871662f68', '{"action":"user_repeated_signup","actor_id":"1d9c6248-0cc0-4496-b8ca-1fa012fbf38e","actor_username":"diego1@sgedd.com","actor_via_sso":false,"log_type":"user","traits":{"provider":"email"}}', '2025-12-01 21:48:34.215944+00', ''),
	('00000000-0000-0000-0000-000000000000', '72fbb9e0-4a00-473f-b817-be6178b97436', '{"action":"login","actor_id":"1d9c6248-0cc0-4496-b8ca-1fa012fbf38e","actor_username":"diego1@sgedd.com","actor_via_sso":false,"log_type":"account","traits":{"provider":"email"}}', '2025-12-01 21:49:17.971464+00', ''),
	('00000000-0000-0000-0000-000000000000', 'cd6c92f8-5401-459e-81de-baf6b084e6ef', '{"action":"logout","actor_id":"1d9c6248-0cc0-4496-b8ca-1fa012fbf38e","actor_username":"diego1@sgedd.com","actor_via_sso":false,"log_type":"account"}', '2025-12-01 21:49:24.902561+00', ''),
	('00000000-0000-0000-0000-000000000000', '36d2eab0-12bc-494d-948c-2fb5d3134836', '{"action":"user_signedup","actor_id":"d1e7797e-7e6e-423f-9056-f1bda4a3bc1d","actor_username":"abel1@sgedd.com","actor_via_sso":false,"log_type":"team","traits":{"provider":"email"}}', '2025-12-01 21:49:59.827662+00', ''),
	('00000000-0000-0000-0000-000000000000', '9fe3bad1-9156-4afd-a7c6-48f2cf70eb5b', '{"action":"login","actor_id":"d1e7797e-7e6e-423f-9056-f1bda4a3bc1d","actor_username":"abel1@sgedd.com","actor_via_sso":false,"log_type":"account","traits":{"provider":"email"}}', '2025-12-01 21:49:59.849647+00', ''),
	('00000000-0000-0000-0000-000000000000', '2715f57b-9658-42c3-adcd-f9068f216016', '{"action":"logout","actor_id":"d1e7797e-7e6e-423f-9056-f1bda4a3bc1d","actor_username":"abel1@sgedd.com","actor_via_sso":false,"log_type":"account"}', '2025-12-01 22:06:52.589138+00', ''),
	('00000000-0000-0000-0000-000000000000', '00e6fc11-aa38-4cfc-a7d9-8a9c719fbf3d', '{"action":"login","actor_id":"53798262-7c9d-4764-94e5-31e00c1790c5","actor_username":"cesar1@sgedd.com","actor_via_sso":false,"log_type":"account","traits":{"provider":"email"}}', '2025-12-01 22:06:59.354976+00', ''),
	('00000000-0000-0000-0000-000000000000', '3e51d814-1de0-44d7-8dbf-1800884e1177', '{"action":"logout","actor_id":"53798262-7c9d-4764-94e5-31e00c1790c5","actor_username":"cesar1@sgedd.com","actor_via_sso":false,"log_type":"account"}', '2025-12-01 22:07:04.519682+00', ''),
	('00000000-0000-0000-0000-000000000000', 'b0c6fb09-4dc8-489a-ab54-51e93c087827', '{"action":"login","actor_id":"748ba0b1-73d2-49ec-b48c-1f7a20df69bb","actor_username":"alejandro1@sgedd.com","actor_via_sso":false,"log_type":"account","traits":{"provider":"email"}}', '2025-12-01 22:07:10.046814+00', ''),
	('00000000-0000-0000-0000-000000000000', '6c6aa84e-d849-4fd0-89a7-95123c0b93b7', '{"action":"token_refreshed","actor_id":"748ba0b1-73d2-49ec-b48c-1f7a20df69bb","actor_username":"alejandro1@sgedd.com","actor_via_sso":false,"log_type":"token"}', '2025-12-01 23:29:19.263973+00', ''),
	('00000000-0000-0000-0000-000000000000', '63da8a01-0f31-45b3-9b4c-d2153bbba65b', '{"action":"token_revoked","actor_id":"748ba0b1-73d2-49ec-b48c-1f7a20df69bb","actor_username":"alejandro1@sgedd.com","actor_via_sso":false,"log_type":"token"}', '2025-12-01 23:29:19.27649+00', ''),
	('00000000-0000-0000-0000-000000000000', 'a688ad7c-3d6a-4ef7-b714-c4f6d8454030', '{"action":"token_refreshed","actor_id":"748ba0b1-73d2-49ec-b48c-1f7a20df69bb","actor_username":"alejandro1@sgedd.com","actor_via_sso":false,"log_type":"token"}', '2025-12-01 23:29:20.17974+00', ''),
	('00000000-0000-0000-0000-000000000000', '89885aee-8ae9-4c08-849f-1be43f9ec9a2', '{"action":"token_refreshed","actor_id":"748ba0b1-73d2-49ec-b48c-1f7a20df69bb","actor_username":"alejandro1@sgedd.com","actor_via_sso":false,"log_type":"token"}', '2025-12-02 05:53:05.640307+00', ''),
	('00000000-0000-0000-0000-000000000000', '4b23b020-4c1e-4819-8574-a3acabed8e2f', '{"action":"token_revoked","actor_id":"748ba0b1-73d2-49ec-b48c-1f7a20df69bb","actor_username":"alejandro1@sgedd.com","actor_via_sso":false,"log_type":"token"}', '2025-12-02 05:53:05.646166+00', ''),
	('00000000-0000-0000-0000-000000000000', '14e43a6e-145d-4403-9942-c8452448c782', '{"action":"token_refreshed","actor_id":"748ba0b1-73d2-49ec-b48c-1f7a20df69bb","actor_username":"alejandro1@sgedd.com","actor_via_sso":false,"log_type":"token"}', '2025-12-02 05:53:15.164869+00', ''),
	('00000000-0000-0000-0000-000000000000', 'af6a2602-5d51-47d6-bbdc-b7c2fc9758c6', '{"action":"token_refreshed","actor_id":"748ba0b1-73d2-49ec-b48c-1f7a20df69bb","actor_username":"alejandro1@sgedd.com","actor_via_sso":false,"log_type":"token"}', '2025-12-02 05:53:15.326067+00', ''),
	('00000000-0000-0000-0000-000000000000', '3eaf762f-7ab8-4fdb-951e-884bb711f159', '{"action":"logout","actor_id":"748ba0b1-73d2-49ec-b48c-1f7a20df69bb","actor_username":"alejandro1@sgedd.com","actor_via_sso":false,"log_type":"account"}', '2025-12-02 06:01:18.676258+00', ''),
	('00000000-0000-0000-0000-000000000000', 'e7083866-7b9c-4144-8579-e03051bfcb70', '{"action":"login","actor_id":"d1e7797e-7e6e-423f-9056-f1bda4a3bc1d","actor_username":"abel1@sgedd.com","actor_via_sso":false,"log_type":"account","traits":{"provider":"email"}}', '2025-12-02 06:01:26.320416+00', ''),
	('00000000-0000-0000-0000-000000000000', 'b92960d1-bfef-4997-a9ea-69b969a77187', '{"action":"logout","actor_id":"d1e7797e-7e6e-423f-9056-f1bda4a3bc1d","actor_username":"abel1@sgedd.com","actor_via_sso":false,"log_type":"account"}', '2025-12-02 06:02:19.696947+00', ''),
	('00000000-0000-0000-0000-000000000000', '8013842e-ef45-44dc-8f64-8180f7c0fb58', '{"action":"login","actor_id":"53798262-7c9d-4764-94e5-31e00c1790c5","actor_username":"cesar1@sgedd.com","actor_via_sso":false,"log_type":"account","traits":{"provider":"email"}}', '2025-12-02 06:02:24.178192+00', ''),
	('00000000-0000-0000-0000-000000000000', 'aa54b8ef-f675-487a-83db-a9a5c3f0d8f8', '{"action":"logout","actor_id":"53798262-7c9d-4764-94e5-31e00c1790c5","actor_username":"cesar1@sgedd.com","actor_via_sso":false,"log_type":"account"}', '2025-12-02 06:02:28.212142+00', ''),
	('00000000-0000-0000-0000-000000000000', '5e9e13b0-5ad8-4aff-b975-7487d630b985', '{"action":"login","actor_id":"748ba0b1-73d2-49ec-b48c-1f7a20df69bb","actor_username":"alejandro1@sgedd.com","actor_via_sso":false,"log_type":"account","traits":{"provider":"email"}}', '2025-12-02 06:02:33.372166+00', ''),
	('00000000-0000-0000-0000-000000000000', 'a14787a4-fffc-4287-bf37-e03376c873a9', '{"action":"logout","actor_id":"748ba0b1-73d2-49ec-b48c-1f7a20df69bb","actor_username":"alejandro1@sgedd.com","actor_via_sso":false,"log_type":"account"}', '2025-12-02 06:05:05.924296+00', ''),
	('00000000-0000-0000-0000-000000000000', '21b91135-3e43-4676-a24f-2130a5f0d0fb', '{"action":"login","actor_id":"d1e7797e-7e6e-423f-9056-f1bda4a3bc1d","actor_username":"abel1@sgedd.com","actor_via_sso":false,"log_type":"account","traits":{"provider":"email"}}', '2025-12-02 06:05:11.454014+00', ''),
	('00000000-0000-0000-0000-000000000000', 'bbf66025-0882-48ff-9c3b-e5585381deb3', '{"action":"logout","actor_id":"d1e7797e-7e6e-423f-9056-f1bda4a3bc1d","actor_username":"abel1@sgedd.com","actor_via_sso":false,"log_type":"account"}', '2025-12-02 06:14:40.911799+00', ''),
	('00000000-0000-0000-0000-000000000000', '29800d3a-58cf-472b-b426-406903836143', '{"action":"login","actor_id":"748ba0b1-73d2-49ec-b48c-1f7a20df69bb","actor_username":"alejandro1@sgedd.com","actor_via_sso":false,"log_type":"account","traits":{"provider":"email"}}', '2025-12-02 06:14:48.35964+00', ''),
	('00000000-0000-0000-0000-000000000000', 'f173e579-cd30-47cf-982d-35b05447c2f3', '{"action":"logout","actor_id":"748ba0b1-73d2-49ec-b48c-1f7a20df69bb","actor_username":"alejandro1@sgedd.com","actor_via_sso":false,"log_type":"account"}', '2025-12-02 06:41:15.068526+00', ''),
	('00000000-0000-0000-0000-000000000000', 'b6168e70-a4fa-4522-b52d-8e9ab1f576da', '{"action":"login","actor_id":"d1e7797e-7e6e-423f-9056-f1bda4a3bc1d","actor_username":"abel1@sgedd.com","actor_via_sso":false,"log_type":"account","traits":{"provider":"email"}}', '2025-12-02 06:41:20.254391+00', ''),
	('00000000-0000-0000-0000-000000000000', '54a2b5d5-39d7-44c1-a27f-e10dd68210e5', '{"action":"logout","actor_id":"d1e7797e-7e6e-423f-9056-f1bda4a3bc1d","actor_username":"abel1@sgedd.com","actor_via_sso":false,"log_type":"account"}', '2025-12-02 06:41:25.276765+00', ''),
	('00000000-0000-0000-0000-000000000000', 'a0799fdd-39e4-4394-a160-ad735bb2bd4b', '{"action":"login","actor_id":"748ba0b1-73d2-49ec-b48c-1f7a20df69bb","actor_username":"alejandro1@sgedd.com","actor_via_sso":false,"log_type":"account","traits":{"provider":"email"}}', '2025-12-02 06:41:32.974736+00', ''),
	('00000000-0000-0000-0000-000000000000', '852d0124-758e-40d6-b67a-0ede08b1da2f', '{"action":"logout","actor_id":"748ba0b1-73d2-49ec-b48c-1f7a20df69bb","actor_username":"alejandro1@sgedd.com","actor_via_sso":false,"log_type":"account"}', '2025-12-02 06:41:55.714524+00', ''),
	('00000000-0000-0000-0000-000000000000', 'dd4920ce-e26c-4840-ab6f-6cf88692a8a6', '{"action":"login","actor_id":"d1e7797e-7e6e-423f-9056-f1bda4a3bc1d","actor_username":"abel1@sgedd.com","actor_via_sso":false,"log_type":"account","traits":{"provider":"email"}}', '2025-12-02 06:42:01.519515+00', ''),
	('00000000-0000-0000-0000-000000000000', 'b2b4e1ff-475d-473c-9109-96efea287c48', '{"action":"logout","actor_id":"d1e7797e-7e6e-423f-9056-f1bda4a3bc1d","actor_username":"abel1@sgedd.com","actor_via_sso":false,"log_type":"account"}', '2025-12-02 06:57:35.129602+00', ''),
	('00000000-0000-0000-0000-000000000000', '1f9caf2f-7718-4486-a117-a3a524cd8d0b', '{"action":"login","actor_id":"748ba0b1-73d2-49ec-b48c-1f7a20df69bb","actor_username":"alejandro1@sgedd.com","actor_via_sso":false,"log_type":"account","traits":{"provider":"email"}}', '2025-12-02 06:57:50.867657+00', ''),
	('00000000-0000-0000-0000-000000000000', '64fd43a4-59b1-40c5-bcb5-79f88fa98ab4', '{"action":"token_refreshed","actor_id":"748ba0b1-73d2-49ec-b48c-1f7a20df69bb","actor_username":"alejandro1@sgedd.com","actor_via_sso":false,"log_type":"token"}', '2025-12-02 18:58:43.153598+00', ''),
	('00000000-0000-0000-0000-000000000000', 'ecfddaea-2c5c-459d-9ab7-724cfc29f91b', '{"action":"token_revoked","actor_id":"748ba0b1-73d2-49ec-b48c-1f7a20df69bb","actor_username":"alejandro1@sgedd.com","actor_via_sso":false,"log_type":"token"}', '2025-12-02 18:58:43.176263+00', ''),
	('00000000-0000-0000-0000-000000000000', 'f2ab95c2-c601-451d-8dda-5754d844530a', '{"action":"token_refreshed","actor_id":"748ba0b1-73d2-49ec-b48c-1f7a20df69bb","actor_username":"alejandro1@sgedd.com","actor_via_sso":false,"log_type":"token"}', '2025-12-02 18:58:43.477227+00', ''),
	('00000000-0000-0000-0000-000000000000', '35434cb2-5081-4f30-a561-a3dbfe6167a4', '{"action":"token_refreshed","actor_id":"748ba0b1-73d2-49ec-b48c-1f7a20df69bb","actor_username":"alejandro1@sgedd.com","actor_via_sso":false,"log_type":"token"}', '2025-12-02 19:58:26.468564+00', ''),
	('00000000-0000-0000-0000-000000000000', 'aa72b65c-8b07-4f24-a95e-c46c3cfbc530', '{"action":"token_revoked","actor_id":"748ba0b1-73d2-49ec-b48c-1f7a20df69bb","actor_username":"alejandro1@sgedd.com","actor_via_sso":false,"log_type":"token"}', '2025-12-02 19:58:26.474349+00', ''),
	('00000000-0000-0000-0000-000000000000', '2762a258-2696-426c-b501-c62146bb4910', '{"action":"token_refreshed","actor_id":"748ba0b1-73d2-49ec-b48c-1f7a20df69bb","actor_username":"alejandro1@sgedd.com","actor_via_sso":false,"log_type":"token"}', '2025-12-02 19:58:26.972409+00', ''),
	('00000000-0000-0000-0000-000000000000', 'b6111eed-0a8f-4047-b6a8-8862783c6eca', '{"action":"token_refreshed","actor_id":"748ba0b1-73d2-49ec-b48c-1f7a20df69bb","actor_username":"alejandro1@sgedd.com","actor_via_sso":false,"log_type":"token"}', '2025-12-02 19:58:27.316494+00', ''),
	('00000000-0000-0000-0000-000000000000', '37362997-09c9-4fb5-83fc-ef9579629947', '{"action":"token_refreshed","actor_id":"748ba0b1-73d2-49ec-b48c-1f7a20df69bb","actor_username":"alejandro1@sgedd.com","actor_via_sso":false,"log_type":"token"}', '2025-12-02 20:59:32.23328+00', ''),
	('00000000-0000-0000-0000-000000000000', '2daf1f9b-c520-490c-bfd5-3160084ed7ac', '{"action":"token_revoked","actor_id":"748ba0b1-73d2-49ec-b48c-1f7a20df69bb","actor_username":"alejandro1@sgedd.com","actor_via_sso":false,"log_type":"token"}', '2025-12-02 20:59:32.237518+00', ''),
	('00000000-0000-0000-0000-000000000000', '4848352e-a84b-492e-9edc-3525e1f28689', '{"action":"token_refreshed","actor_id":"748ba0b1-73d2-49ec-b48c-1f7a20df69bb","actor_username":"alejandro1@sgedd.com","actor_via_sso":false,"log_type":"token"}', '2025-12-02 20:59:33.00127+00', ''),
	('00000000-0000-0000-0000-000000000000', 'a032801c-f89c-4b99-8159-8fc2e4be338a', '{"action":"token_refreshed","actor_id":"748ba0b1-73d2-49ec-b48c-1f7a20df69bb","actor_username":"alejandro1@sgedd.com","actor_via_sso":false,"log_type":"token"}', '2025-12-02 20:59:33.200185+00', ''),
	('00000000-0000-0000-0000-000000000000', 'ef0686d6-34f5-4847-ac9a-4b71433b8ddb', '{"action":"login","actor_id":"748ba0b1-73d2-49ec-b48c-1f7a20df69bb","actor_username":"alejandro1@sgedd.com","actor_via_sso":false,"log_type":"account","traits":{"provider":"email"}}', '2025-12-03 00:46:15.348999+00', ''),
	('00000000-0000-0000-0000-000000000000', 'aebece85-551a-46a5-8cce-6d1eddd475d8', '{"action":"logout","actor_id":"748ba0b1-73d2-49ec-b48c-1f7a20df69bb","actor_username":"alejandro1@sgedd.com","actor_via_sso":false,"log_type":"account"}', '2025-12-03 00:47:48.329045+00', ''),
	('00000000-0000-0000-0000-000000000000', '179b9510-4918-45fd-81a0-69dcba342ecb', '{"action":"login","actor_id":"d1e7797e-7e6e-423f-9056-f1bda4a3bc1d","actor_username":"abel1@sgedd.com","actor_via_sso":false,"log_type":"account","traits":{"provider":"email"}}', '2025-12-03 00:47:57.215306+00', ''),
	('00000000-0000-0000-0000-000000000000', '60bf6a7f-6a66-45f3-966d-e1dcf54eaa3d', '{"action":"logout","actor_id":"d1e7797e-7e6e-423f-9056-f1bda4a3bc1d","actor_username":"abel1@sgedd.com","actor_via_sso":false,"log_type":"account"}', '2025-12-03 00:48:06.898313+00', ''),
	('00000000-0000-0000-0000-000000000000', '020b0c17-af1e-4352-8595-2a810d31521d', '{"action":"login","actor_id":"748ba0b1-73d2-49ec-b48c-1f7a20df69bb","actor_username":"alejandro1@sgedd.com","actor_via_sso":false,"log_type":"account","traits":{"provider":"email"}}', '2025-12-03 00:48:14.060523+00', ''),
	('00000000-0000-0000-0000-000000000000', '3925cd41-5c70-4995-a9af-44836660e52e', '{"action":"logout","actor_id":"748ba0b1-73d2-49ec-b48c-1f7a20df69bb","actor_username":"alejandro1@sgedd.com","actor_via_sso":false,"log_type":"account"}', '2025-12-03 00:48:50.659791+00', ''),
	('00000000-0000-0000-0000-000000000000', 'b6ef2c6b-3b2f-40b7-96c3-d5a4b419eae9', '{"action":"login","actor_id":"d1e7797e-7e6e-423f-9056-f1bda4a3bc1d","actor_username":"abel1@sgedd.com","actor_via_sso":false,"log_type":"account","traits":{"provider":"email"}}', '2025-12-03 00:48:56.756101+00', ''),
	('00000000-0000-0000-0000-000000000000', '01821b53-1ae5-431c-b77f-9667dc283e27', '{"action":"logout","actor_id":"d1e7797e-7e6e-423f-9056-f1bda4a3bc1d","actor_username":"abel1@sgedd.com","actor_via_sso":false,"log_type":"account"}', '2025-12-03 00:49:40.278224+00', ''),
	('00000000-0000-0000-0000-000000000000', '162845b0-5efb-448d-b012-0658dbc920fa', '{"action":"login","actor_id":"748ba0b1-73d2-49ec-b48c-1f7a20df69bb","actor_username":"alejandro1@sgedd.com","actor_via_sso":false,"log_type":"account","traits":{"provider":"email"}}', '2025-12-03 00:49:51.360903+00', ''),
	('00000000-0000-0000-0000-000000000000', '9bcdb583-59eb-452a-a68a-5bb3b852d1d0', '{"action":"token_refreshed","actor_id":"748ba0b1-73d2-49ec-b48c-1f7a20df69bb","actor_username":"alejandro1@sgedd.com","actor_via_sso":false,"log_type":"token"}', '2025-12-03 02:04:38.600166+00', ''),
	('00000000-0000-0000-0000-000000000000', '843302e6-8eeb-4eb9-985c-de6e2c48eb64', '{"action":"token_revoked","actor_id":"748ba0b1-73d2-49ec-b48c-1f7a20df69bb","actor_username":"alejandro1@sgedd.com","actor_via_sso":false,"log_type":"token"}', '2025-12-03 02:04:38.603526+00', ''),
	('00000000-0000-0000-0000-000000000000', '42dfbac3-9d8a-4392-87d2-db25abeae485', '{"action":"token_refreshed","actor_id":"748ba0b1-73d2-49ec-b48c-1f7a20df69bb","actor_username":"alejandro1@sgedd.com","actor_via_sso":false,"log_type":"token"}', '2025-12-03 02:04:39.098804+00', ''),
	('00000000-0000-0000-0000-000000000000', '741c575b-4d66-495e-9ee3-993bb40c34b4', '{"action":"token_refreshed","actor_id":"748ba0b1-73d2-49ec-b48c-1f7a20df69bb","actor_username":"alejandro1@sgedd.com","actor_via_sso":false,"log_type":"token"}', '2025-12-03 02:04:39.272742+00', ''),
	('00000000-0000-0000-0000-000000000000', '9bd85e79-6288-47b6-9951-b6c57bb1af51', '{"action":"token_refreshed","actor_id":"748ba0b1-73d2-49ec-b48c-1f7a20df69bb","actor_username":"alejandro1@sgedd.com","actor_via_sso":false,"log_type":"token"}', '2025-12-03 02:04:41.319345+00', ''),
	('00000000-0000-0000-0000-000000000000', '06e4fe9c-3d53-4c09-9b97-13f6c1be6774', '{"action":"token_refreshed","actor_id":"748ba0b1-73d2-49ec-b48c-1f7a20df69bb","actor_username":"alejandro1@sgedd.com","actor_via_sso":false,"log_type":"token"}', '2025-12-03 02:04:41.399474+00', ''),
	('00000000-0000-0000-0000-000000000000', '0fbf16a9-7294-43a9-80a8-6f97446b5513', '{"action":"token_refreshed","actor_id":"748ba0b1-73d2-49ec-b48c-1f7a20df69bb","actor_username":"alejandro1@sgedd.com","actor_via_sso":false,"log_type":"token"}', '2025-12-03 02:04:41.638673+00', ''),
	('00000000-0000-0000-0000-000000000000', '945ddca5-c06f-41de-87c4-052e71339d8d', '{"action":"token_refreshed","actor_id":"748ba0b1-73d2-49ec-b48c-1f7a20df69bb","actor_username":"alejandro1@sgedd.com","actor_via_sso":false,"log_type":"token"}', '2025-12-03 02:04:41.733484+00', ''),
	('00000000-0000-0000-0000-000000000000', '01e85cd8-1700-431a-9adb-d348160ebf4a', '{"action":"token_refreshed","actor_id":"748ba0b1-73d2-49ec-b48c-1f7a20df69bb","actor_username":"alejandro1@sgedd.com","actor_via_sso":false,"log_type":"token"}', '2025-12-03 02:04:41.952314+00', ''),
	('00000000-0000-0000-0000-000000000000', 'ca681738-6b7c-4fe4-a52c-51b901087dcb', '{"action":"token_refreshed","actor_id":"748ba0b1-73d2-49ec-b48c-1f7a20df69bb","actor_username":"alejandro1@sgedd.com","actor_via_sso":false,"log_type":"token"}', '2025-12-03 02:04:44.370729+00', ''),
	('00000000-0000-0000-0000-000000000000', '8630fae0-ddcc-40be-b29c-c55758ba0557', '{"action":"token_refreshed","actor_id":"748ba0b1-73d2-49ec-b48c-1f7a20df69bb","actor_username":"alejandro1@sgedd.com","actor_via_sso":false,"log_type":"token"}', '2025-12-03 02:04:44.493817+00', ''),
	('00000000-0000-0000-0000-000000000000', '66dd0bac-3682-4f92-89fa-0250a7f9dfe5', '{"action":"token_refreshed","actor_id":"748ba0b1-73d2-49ec-b48c-1f7a20df69bb","actor_username":"alejandro1@sgedd.com","actor_via_sso":false,"log_type":"token"}', '2025-12-03 02:04:44.67601+00', ''),
	('00000000-0000-0000-0000-000000000000', '64d23761-f890-47ee-a60f-2eea31726be8', '{"action":"token_refreshed","actor_id":"748ba0b1-73d2-49ec-b48c-1f7a20df69bb","actor_username":"alejandro1@sgedd.com","actor_via_sso":false,"log_type":"token"}', '2025-12-03 02:04:44.916091+00', ''),
	('00000000-0000-0000-0000-000000000000', '7c98423c-47f8-4c06-afe9-828ba664adaa', '{"action":"token_refreshed","actor_id":"748ba0b1-73d2-49ec-b48c-1f7a20df69bb","actor_username":"alejandro1@sgedd.com","actor_via_sso":false,"log_type":"token"}', '2025-12-03 02:04:45.18049+00', ''),
	('00000000-0000-0000-0000-000000000000', '32cdca74-8e48-4a14-a162-70641f374ab4', '{"action":"logout","actor_id":"748ba0b1-73d2-49ec-b48c-1f7a20df69bb","actor_username":"alejandro1@sgedd.com","actor_via_sso":false,"log_type":"account"}', '2025-12-03 02:39:51.232121+00', ''),
	('00000000-0000-0000-0000-000000000000', 'b7eff075-c9c0-4af3-97bd-aa1b476b812d', '{"action":"user_signedup","actor_id":"30d54813-b057-4497-ad0e-7ee8cf9c7876","actor_username":"carlos1@sgedd.com","actor_via_sso":false,"log_type":"team","traits":{"provider":"email"}}', '2025-12-03 02:40:45.586678+00', ''),
	('00000000-0000-0000-0000-000000000000', 'c95e9f41-38de-4f49-a1be-fc474bf3adca', '{"action":"login","actor_id":"30d54813-b057-4497-ad0e-7ee8cf9c7876","actor_username":"carlos1@sgedd.com","actor_via_sso":false,"log_type":"account","traits":{"provider":"email"}}', '2025-12-03 02:40:45.608364+00', ''),
	('00000000-0000-0000-0000-000000000000', '1e8bffe1-92a7-4013-8509-ec80a04ab8e4', '{"action":"logout","actor_id":"30d54813-b057-4497-ad0e-7ee8cf9c7876","actor_username":"carlos1@sgedd.com","actor_via_sso":false,"log_type":"account"}', '2025-12-03 02:44:27.311307+00', ''),
	('00000000-0000-0000-0000-000000000000', 'e098efdb-07bb-46d8-a552-8ea2d8a360a1', '{"action":"user_signedup","actor_id":"ce17b815-ebb2-44e5-befc-87815ee6188f","actor_username":"kevin1@sgedd.com","actor_via_sso":false,"log_type":"team","traits":{"provider":"email"}}', '2025-12-03 02:44:41.454882+00', ''),
	('00000000-0000-0000-0000-000000000000', 'e0d7350c-d743-4a4b-9f22-2cf3125bcb57', '{"action":"login","actor_id":"ce17b815-ebb2-44e5-befc-87815ee6188f","actor_username":"kevin1@sgedd.com","actor_via_sso":false,"log_type":"account","traits":{"provider":"email"}}', '2025-12-03 02:44:41.510655+00', ''),
	('00000000-0000-0000-0000-000000000000', 'e30547b9-ebc5-48c1-8a4b-3e66060f22f1', '{"action":"logout","actor_id":"ce17b815-ebb2-44e5-befc-87815ee6188f","actor_username":"kevin1@sgedd.com","actor_via_sso":false,"log_type":"account"}', '2025-12-03 03:34:42.921636+00', ''),
	('00000000-0000-0000-0000-000000000000', 'fbdbded8-6303-4f4b-902b-dc658fec43c0', '{"action":"user_signedup","actor_id":"4bbeb609-723c-4da9-b214-8583d29c2c02","actor_username":"ernesto1@sgedd.com","actor_via_sso":false,"log_type":"team","traits":{"provider":"email"}}', '2025-12-03 03:35:03.971118+00', ''),
	('00000000-0000-0000-0000-000000000000', 'd3851a4f-92a7-43ff-b1f3-9b535ac9e7a8', '{"action":"login","actor_id":"4bbeb609-723c-4da9-b214-8583d29c2c02","actor_username":"ernesto1@sgedd.com","actor_via_sso":false,"log_type":"account","traits":{"provider":"email"}}', '2025-12-03 03:35:04.015268+00', ''),
	('00000000-0000-0000-0000-000000000000', 'c29576de-1f52-4968-9c47-6413769be523', '{"action":"token_refreshed","actor_id":"4bbeb609-723c-4da9-b214-8583d29c2c02","actor_username":"ernesto1@sgedd.com","actor_via_sso":false,"log_type":"token"}', '2025-12-03 04:36:02.560371+00', ''),
	('00000000-0000-0000-0000-000000000000', 'd9e23678-41f4-44cf-9c7c-8ac4b1cba28e', '{"action":"token_revoked","actor_id":"4bbeb609-723c-4da9-b214-8583d29c2c02","actor_username":"ernesto1@sgedd.com","actor_via_sso":false,"log_type":"token"}', '2025-12-03 04:36:02.593016+00', ''),
	('00000000-0000-0000-0000-000000000000', '54d21d7a-3dab-4c0a-8ea3-d251c186548f', '{"action":"token_refreshed","actor_id":"4bbeb609-723c-4da9-b214-8583d29c2c02","actor_username":"ernesto1@sgedd.com","actor_via_sso":false,"log_type":"token"}', '2025-12-03 04:36:02.658314+00', ''),
	('00000000-0000-0000-0000-000000000000', '87232a35-f5bf-4f1b-a673-99b97b737f33', '{"action":"token_refreshed","actor_id":"4bbeb609-723c-4da9-b214-8583d29c2c02","actor_username":"ernesto1@sgedd.com","actor_via_sso":false,"log_type":"token"}', '2025-12-03 04:36:03.743691+00', ''),
	('00000000-0000-0000-0000-000000000000', '307449af-cbe5-4fc4-b8bc-80c00c5ee45f', '{"action":"token_refreshed","actor_id":"4bbeb609-723c-4da9-b214-8583d29c2c02","actor_username":"ernesto1@sgedd.com","actor_via_sso":false,"log_type":"token"}', '2025-12-03 04:36:03.985221+00', ''),
	('00000000-0000-0000-0000-000000000000', '096956a7-f416-4d34-b798-94c4bc96ceac', '{"action":"token_refreshed","actor_id":"4bbeb609-723c-4da9-b214-8583d29c2c02","actor_username":"ernesto1@sgedd.com","actor_via_sso":false,"log_type":"token"}', '2025-12-03 04:36:04.055506+00', ''),
	('00000000-0000-0000-0000-000000000000', 'e93a6dad-b8ef-4647-8492-6f8bbd61a6e5', '{"action":"token_refreshed","actor_id":"4bbeb609-723c-4da9-b214-8583d29c2c02","actor_username":"ernesto1@sgedd.com","actor_via_sso":false,"log_type":"token"}', '2025-12-03 04:36:06.291132+00', ''),
	('00000000-0000-0000-0000-000000000000', '5e404928-7340-46aa-bb51-ba1206a11445', '{"action":"token_refreshed","actor_id":"4bbeb609-723c-4da9-b214-8583d29c2c02","actor_username":"ernesto1@sgedd.com","actor_via_sso":false,"log_type":"token"}', '2025-12-03 04:36:16.471265+00', ''),
	('00000000-0000-0000-0000-000000000000', '6a162274-2a79-44c3-84bf-4244ba8e9405', '{"action":"token_refreshed","actor_id":"4bbeb609-723c-4da9-b214-8583d29c2c02","actor_username":"ernesto1@sgedd.com","actor_via_sso":false,"log_type":"token"}', '2025-12-03 04:36:17.336812+00', ''),
	('00000000-0000-0000-0000-000000000000', '13b3d772-6162-417a-898a-21e5057e7529', '{"action":"token_refreshed","actor_id":"4bbeb609-723c-4da9-b214-8583d29c2c02","actor_username":"ernesto1@sgedd.com","actor_via_sso":false,"log_type":"token"}', '2025-12-03 04:36:17.918333+00', ''),
	('00000000-0000-0000-0000-000000000000', 'a28600e9-b12a-41cd-839f-e84471131c74', '{"action":"token_refreshed","actor_id":"4bbeb609-723c-4da9-b214-8583d29c2c02","actor_username":"ernesto1@sgedd.com","actor_via_sso":false,"log_type":"token"}', '2025-12-03 04:36:18.018967+00', ''),
	('00000000-0000-0000-0000-000000000000', '70b66f5c-fc3c-40f0-94fc-ce3e614eeae7', '{"action":"token_refreshed","actor_id":"4bbeb609-723c-4da9-b214-8583d29c2c02","actor_username":"ernesto1@sgedd.com","actor_via_sso":false,"log_type":"token"}', '2025-12-03 04:36:18.458428+00', ''),
	('00000000-0000-0000-0000-000000000000', '672d28ab-4aa5-428b-a0e1-a3dc36cde23b', '{"action":"token_refreshed","actor_id":"4bbeb609-723c-4da9-b214-8583d29c2c02","actor_username":"ernesto1@sgedd.com","actor_via_sso":false,"log_type":"token"}', '2025-12-03 04:36:18.581065+00', ''),
	('00000000-0000-0000-0000-000000000000', '24888033-a20a-4de3-a5c9-8f062f6a536e', '{"action":"token_refreshed","actor_id":"4bbeb609-723c-4da9-b214-8583d29c2c02","actor_username":"ernesto1@sgedd.com","actor_via_sso":false,"log_type":"token"}', '2025-12-03 04:36:18.811492+00', ''),
	('00000000-0000-0000-0000-000000000000', 'f03015b1-f42d-4596-b0af-0180bf079592', '{"action":"token_refreshed","actor_id":"4bbeb609-723c-4da9-b214-8583d29c2c02","actor_username":"ernesto1@sgedd.com","actor_via_sso":false,"log_type":"token"}', '2025-12-03 04:36:18.864849+00', ''),
	('00000000-0000-0000-0000-000000000000', 'ed9d0307-d37a-48f6-9fd4-8a2113923e67', '{"action":"token_refreshed","actor_id":"4bbeb609-723c-4da9-b214-8583d29c2c02","actor_username":"ernesto1@sgedd.com","actor_via_sso":false,"log_type":"token"}', '2025-12-03 04:36:30.475535+00', ''),
	('00000000-0000-0000-0000-000000000000', '4f9cdf7d-59d4-448a-9de7-3076ca9953b3', '{"action":"token_refreshed","actor_id":"4bbeb609-723c-4da9-b214-8583d29c2c02","actor_username":"ernesto1@sgedd.com","actor_via_sso":false,"log_type":"token"}', '2025-12-03 04:36:31.053247+00', ''),
	('00000000-0000-0000-0000-000000000000', 'f7e3e296-d34f-43ed-a621-1ef36ec6d4bd', '{"action":"token_refreshed","actor_id":"4bbeb609-723c-4da9-b214-8583d29c2c02","actor_username":"ernesto1@sgedd.com","actor_via_sso":false,"log_type":"token"}', '2025-12-03 04:36:31.394113+00', ''),
	('00000000-0000-0000-0000-000000000000', 'dfdff79f-3ce4-4cf2-ae68-4b8b92efc336', '{"action":"token_refreshed","actor_id":"4bbeb609-723c-4da9-b214-8583d29c2c02","actor_username":"ernesto1@sgedd.com","actor_via_sso":false,"log_type":"token"}', '2025-12-03 04:36:31.569666+00', ''),
	('00000000-0000-0000-0000-000000000000', '6261b65f-ab3d-48ea-ac2d-95ef2b6c1947', '{"action":"token_refreshed","actor_id":"4bbeb609-723c-4da9-b214-8583d29c2c02","actor_username":"ernesto1@sgedd.com","actor_via_sso":false,"log_type":"token"}', '2025-12-03 04:36:31.873911+00', ''),
	('00000000-0000-0000-0000-000000000000', 'a27f051e-f108-4721-8cfc-39fe6a54c762', '{"action":"token_refreshed","actor_id":"4bbeb609-723c-4da9-b214-8583d29c2c02","actor_username":"ernesto1@sgedd.com","actor_via_sso":false,"log_type":"token"}', '2025-12-03 04:36:32.190725+00', ''),
	('00000000-0000-0000-0000-000000000000', '98f63aa6-9b5d-4845-9fac-391d2be51a65', '{"action":"token_refreshed","actor_id":"4bbeb609-723c-4da9-b214-8583d29c2c02","actor_username":"ernesto1@sgedd.com","actor_via_sso":false,"log_type":"token"}', '2025-12-03 04:36:32.262264+00', ''),
	('00000000-0000-0000-0000-000000000000', 'ca470f82-9c7a-4b1e-8a58-6800bddb81e6', '{"action":"token_refreshed","actor_id":"4bbeb609-723c-4da9-b214-8583d29c2c02","actor_username":"ernesto1@sgedd.com","actor_via_sso":false,"log_type":"token"}', '2025-12-03 04:36:32.451462+00', ''),
	('00000000-0000-0000-0000-000000000000', '2fc82a00-4775-4582-ae70-3c65be7898df', '{"action":"token_refreshed","actor_id":"4bbeb609-723c-4da9-b214-8583d29c2c02","actor_username":"ernesto1@sgedd.com","actor_via_sso":false,"log_type":"token"}', '2025-12-03 05:48:49.881709+00', ''),
	('00000000-0000-0000-0000-000000000000', '6edaefcc-407d-48e5-a251-37ac7b30a1f6', '{"action":"token_revoked","actor_id":"4bbeb609-723c-4da9-b214-8583d29c2c02","actor_username":"ernesto1@sgedd.com","actor_via_sso":false,"log_type":"token"}', '2025-12-03 05:48:49.885929+00', ''),
	('00000000-0000-0000-0000-000000000000', 'aa1afa06-0925-4c5a-923c-9d0c30521434', '{"action":"token_refreshed","actor_id":"4bbeb609-723c-4da9-b214-8583d29c2c02","actor_username":"ernesto1@sgedd.com","actor_via_sso":false,"log_type":"token"}', '2025-12-03 05:48:50.239963+00', ''),
	('00000000-0000-0000-0000-000000000000', 'ed0700cd-26c9-4766-9278-e19de6cd35c1', '{"action":"token_refreshed","actor_id":"4bbeb609-723c-4da9-b214-8583d29c2c02","actor_username":"ernesto1@sgedd.com","actor_via_sso":false,"log_type":"token"}', '2025-12-03 05:48:50.399151+00', ''),
	('00000000-0000-0000-0000-000000000000', 'de0c33a6-de55-4ad8-9d54-1add61dd67ae', '{"action":"token_refreshed","actor_id":"4bbeb609-723c-4da9-b214-8583d29c2c02","actor_username":"ernesto1@sgedd.com","actor_via_sso":false,"log_type":"token"}', '2025-12-03 05:48:52.67916+00', ''),
	('00000000-0000-0000-0000-000000000000', '812d270d-b865-4b45-ab93-522bb59bc00c', '{"action":"token_refreshed","actor_id":"4bbeb609-723c-4da9-b214-8583d29c2c02","actor_username":"ernesto1@sgedd.com","actor_via_sso":false,"log_type":"token"}', '2025-12-03 05:48:53.074044+00', ''),
	('00000000-0000-0000-0000-000000000000', 'f066ffa2-9b3b-437a-8464-69ca28fca6bf', '{"action":"token_refreshed","actor_id":"4bbeb609-723c-4da9-b214-8583d29c2c02","actor_username":"ernesto1@sgedd.com","actor_via_sso":false,"log_type":"token"}', '2025-12-03 05:48:53.277066+00', ''),
	('00000000-0000-0000-0000-000000000000', '0de067f3-cee5-4aa0-bde7-07f3efa54d1c', '{"action":"token_refreshed","actor_id":"4bbeb609-723c-4da9-b214-8583d29c2c02","actor_username":"ernesto1@sgedd.com","actor_via_sso":false,"log_type":"token"}', '2025-12-03 05:48:53.781237+00', ''),
	('00000000-0000-0000-0000-000000000000', 'c31c132d-ef05-48e8-8954-28de059e76a5', '{"action":"token_refreshed","actor_id":"4bbeb609-723c-4da9-b214-8583d29c2c02","actor_username":"ernesto1@sgedd.com","actor_via_sso":false,"log_type":"token"}', '2025-12-03 05:48:54.234006+00', ''),
	('00000000-0000-0000-0000-000000000000', 'c9f91e28-66c1-4c18-a15d-8120fedc04d7', '{"action":"token_refreshed","actor_id":"4bbeb609-723c-4da9-b214-8583d29c2c02","actor_username":"ernesto1@sgedd.com","actor_via_sso":false,"log_type":"token"}', '2025-12-03 05:48:54.569229+00', ''),
	('00000000-0000-0000-0000-000000000000', 'f007a369-3a58-49ab-bfa6-5bc582632034', '{"action":"token_refreshed","actor_id":"4bbeb609-723c-4da9-b214-8583d29c2c02","actor_username":"ernesto1@sgedd.com","actor_via_sso":false,"log_type":"token"}', '2025-12-03 05:48:54.624796+00', ''),
	('00000000-0000-0000-0000-000000000000', '6da4b13b-e096-4094-a424-429fbf05f1ba', '{"action":"token_refreshed","actor_id":"4bbeb609-723c-4da9-b214-8583d29c2c02","actor_username":"ernesto1@sgedd.com","actor_via_sso":false,"log_type":"token"}', '2025-12-03 05:48:54.67376+00', ''),
	('00000000-0000-0000-0000-000000000000', 'f4184267-e3dc-4586-bfc6-c444bc90ca6e', '{"action":"token_refreshed","actor_id":"4bbeb609-723c-4da9-b214-8583d29c2c02","actor_username":"ernesto1@sgedd.com","actor_via_sso":false,"log_type":"token"}', '2025-12-03 05:48:54.814005+00', ''),
	('00000000-0000-0000-0000-000000000000', 'cbc7a55d-a052-413e-ad86-9de29d499d23', '{"action":"token_refreshed","actor_id":"4bbeb609-723c-4da9-b214-8583d29c2c02","actor_username":"ernesto1@sgedd.com","actor_via_sso":false,"log_type":"token"}', '2025-12-03 05:48:54.934628+00', ''),
	('00000000-0000-0000-0000-000000000000', '577d037a-b884-463c-be1b-d2cb20c2fe62', '{"action":"token_refreshed","actor_id":"4bbeb609-723c-4da9-b214-8583d29c2c02","actor_username":"ernesto1@sgedd.com","actor_via_sso":false,"log_type":"token"}', '2025-12-03 05:48:55.050665+00', ''),
	('00000000-0000-0000-0000-000000000000', '1fb48a77-857f-403c-94da-498333caf7c1', '{"action":"token_refreshed","actor_id":"4bbeb609-723c-4da9-b214-8583d29c2c02","actor_username":"ernesto1@sgedd.com","actor_via_sso":false,"log_type":"token"}', '2025-12-03 05:49:00.868438+00', ''),
	('00000000-0000-0000-0000-000000000000', '0489cc67-a820-4653-a206-2f68a6b98bf3', '{"action":"token_refreshed","actor_id":"4bbeb609-723c-4da9-b214-8583d29c2c02","actor_username":"ernesto1@sgedd.com","actor_via_sso":false,"log_type":"token"}', '2025-12-03 05:49:01.090152+00', ''),
	('00000000-0000-0000-0000-000000000000', 'e846c6f0-ae09-45f2-a6f4-1e588b4db484', '{"action":"token_refreshed","actor_id":"4bbeb609-723c-4da9-b214-8583d29c2c02","actor_username":"ernesto1@sgedd.com","actor_via_sso":false,"log_type":"token"}', '2025-12-03 05:49:01.318448+00', ''),
	('00000000-0000-0000-0000-000000000000', '00f96912-5ee9-45e0-91a5-0203cbaa998a', '{"action":"token_refreshed","actor_id":"4bbeb609-723c-4da9-b214-8583d29c2c02","actor_username":"ernesto1@sgedd.com","actor_via_sso":false,"log_type":"token"}', '2025-12-03 05:49:01.420376+00', ''),
	('00000000-0000-0000-0000-000000000000', 'b0dfc342-30bb-462a-9df3-86e32d29e67f', '{"action":"token_refreshed","actor_id":"4bbeb609-723c-4da9-b214-8583d29c2c02","actor_username":"ernesto1@sgedd.com","actor_via_sso":false,"log_type":"token"}', '2025-12-03 05:49:01.734111+00', ''),
	('00000000-0000-0000-0000-000000000000', '912f9614-571f-46ec-bab2-090c95c14cea', '{"action":"token_refreshed","actor_id":"4bbeb609-723c-4da9-b214-8583d29c2c02","actor_username":"ernesto1@sgedd.com","actor_via_sso":false,"log_type":"token"}', '2025-12-03 05:49:04.299622+00', ''),
	('00000000-0000-0000-0000-000000000000', 'ecdd8584-079a-44c5-b477-63df62e8c229', '{"action":"token_refreshed","actor_id":"4bbeb609-723c-4da9-b214-8583d29c2c02","actor_username":"ernesto1@sgedd.com","actor_via_sso":false,"log_type":"token"}', '2025-12-03 05:49:04.362153+00', ''),
	('00000000-0000-0000-0000-000000000000', 'b4a5edf6-62d8-4d91-b088-619d9284d277', '{"action":"token_refreshed","actor_id":"4bbeb609-723c-4da9-b214-8583d29c2c02","actor_username":"ernesto1@sgedd.com","actor_via_sso":false,"log_type":"token"}', '2025-12-03 05:49:04.461856+00', ''),
	('00000000-0000-0000-0000-000000000000', '65ee254a-55e2-406d-bdb3-19d7362b252d', '{"action":"token_refreshed","actor_id":"4bbeb609-723c-4da9-b214-8583d29c2c02","actor_username":"ernesto1@sgedd.com","actor_via_sso":false,"log_type":"token"}', '2025-12-03 05:49:04.52534+00', ''),
	('00000000-0000-0000-0000-000000000000', '094e08ea-6385-4de9-bf7a-598fd2fa29b9', '{"action":"token_refreshed","actor_id":"4bbeb609-723c-4da9-b214-8583d29c2c02","actor_username":"ernesto1@sgedd.com","actor_via_sso":false,"log_type":"token"}', '2025-12-03 05:49:04.609633+00', ''),
	('00000000-0000-0000-0000-000000000000', '4ce97d18-c883-4978-9065-4d9f1a668b24', '{"action":"token_refreshed","actor_id":"4bbeb609-723c-4da9-b214-8583d29c2c02","actor_username":"ernesto1@sgedd.com","actor_via_sso":false,"log_type":"token"}', '2025-12-03 05:49:04.677441+00', '');


--
-- Data for Name: flow_state; Type: TABLE DATA; Schema: auth; Owner: supabase_auth_admin
--



--
-- Data for Name: users; Type: TABLE DATA; Schema: auth; Owner: supabase_auth_admin
--

INSERT INTO "auth"."users" ("instance_id", "id", "aud", "role", "email", "encrypted_password", "email_confirmed_at", "invited_at", "confirmation_token", "confirmation_sent_at", "recovery_token", "recovery_sent_at", "email_change_token_new", "email_change", "email_change_sent_at", "last_sign_in_at", "raw_app_meta_data", "raw_user_meta_data", "is_super_admin", "created_at", "updated_at", "phone", "phone_confirmed_at", "phone_change", "phone_change_token", "phone_change_sent_at", "email_change_token_current", "email_change_confirm_status", "banned_until", "reauthentication_token", "reauthentication_sent_at", "is_sso_user", "deleted_at", "is_anonymous") VALUES
	('00000000-0000-0000-0000-000000000000', '1d9c6248-0cc0-4496-b8ca-1fa012fbf38e', 'authenticated', 'authenticated', 'diego1@sgedd.com', '$2a$10$azxS.YxVfX4sPQQsEcuBzuTbotYnByqjGsju4ckEQ9RdKFlcY..l6', '2025-11-28 03:43:36.980086+00', NULL, '', NULL, '', NULL, '', '', NULL, '2025-12-01 21:49:17.97347+00', '{"provider": "email", "providers": ["email"]}', '{"sub": "1d9c6248-0cc0-4496-b8ca-1fa012fbf38e", "email": "diego1@sgedd.com", "email_verified": true, "phone_verified": false}', NULL, '2025-11-28 03:43:36.976052+00', '2025-12-01 21:49:17.979506+00', NULL, NULL, '', '', NULL, '', 0, NULL, '', NULL, false, NULL, false),
	('00000000-0000-0000-0000-000000000000', '53798262-7c9d-4764-94e5-31e00c1790c5', 'authenticated', 'authenticated', 'cesar1@sgedd.com', '$2a$10$fQttNyo9OzymuNVcaWwzW.v0a5snB30VoXyT8vUwS3BprfoiKEJKG', '2025-11-28 03:43:17.069043+00', NULL, '', NULL, '', NULL, '', '', NULL, '2025-12-02 06:02:24.179956+00', '{"provider": "email", "providers": ["email"]}', '{"sub": "53798262-7c9d-4764-94e5-31e00c1790c5", "email": "cesar1@sgedd.com", "email_verified": true, "phone_verified": false}', NULL, '2025-11-28 03:43:17.063834+00', '2025-12-02 06:02:24.184986+00', NULL, NULL, '', '', NULL, '', 0, NULL, '', NULL, false, NULL, false),
	('00000000-0000-0000-0000-000000000000', '4bbeb609-723c-4da9-b214-8583d29c2c02', 'authenticated', 'authenticated', 'ernesto1@sgedd.com', '$2a$10$6tKRfRvDzIke2X4heG9JHOJ7erTzRm6q6.O4lT4sl/XFWwTSdwiGW', '2025-12-03 03:35:03.972513+00', NULL, '', NULL, '', NULL, '', '', NULL, '2025-12-03 03:35:04.017857+00', '{"provider": "email", "providers": ["email"]}', '{"sub": "4bbeb609-723c-4da9-b214-8583d29c2c02", "email": "ernesto1@sgedd.com", "email_verified": true, "phone_verified": false}', NULL, '2025-12-03 03:35:03.956215+00', '2025-12-03 05:48:49.89289+00', NULL, NULL, '', '', NULL, '', 0, NULL, '', NULL, false, NULL, false),
	('00000000-0000-0000-0000-000000000000', 'd1e7797e-7e6e-423f-9056-f1bda4a3bc1d', 'authenticated', 'authenticated', 'abel1@sgedd.com', '$2a$10$BEP.DDUIDwC3sR0QjqwYWe0SM0TrvPeJec2TGpVJoo8JrEeL9xm0W', '2025-12-01 21:49:59.829337+00', NULL, '', NULL, '', NULL, '', '', NULL, '2025-12-03 00:48:56.758703+00', '{"provider": "email", "providers": ["email"]}', '{"sub": "d1e7797e-7e6e-423f-9056-f1bda4a3bc1d", "email": "abel1@sgedd.com", "email_verified": true, "phone_verified": false}', NULL, '2025-12-01 21:49:59.808037+00', '2025-12-03 00:48:56.763565+00', NULL, NULL, '', '', NULL, '', 0, NULL, '', NULL, false, NULL, false),
	('00000000-0000-0000-0000-000000000000', '748ba0b1-73d2-49ec-b48c-1f7a20df69bb', 'authenticated', 'authenticated', 'alejandro1@sgedd.com', '$2a$10$jkAMamNVz.3xuvoLSxVGAuvW7ixb3Rb.5WZKuAP/a3FLUSJvx31c.', '2025-11-28 03:42:47.029909+00', NULL, '', NULL, '', NULL, '', '', NULL, '2025-12-03 00:49:51.363105+00', '{"provider": "email", "providers": ["email"]}', '{"sub": "748ba0b1-73d2-49ec-b48c-1f7a20df69bb", "email": "alejandro1@sgedd.com", "email_verified": true, "phone_verified": false}', NULL, '2025-11-28 03:42:47.02484+00', '2025-12-03 02:04:38.61243+00', NULL, NULL, '', '', NULL, '', 0, NULL, '', NULL, false, NULL, false),
	('00000000-0000-0000-0000-000000000000', 'ce17b815-ebb2-44e5-befc-87815ee6188f', 'authenticated', 'authenticated', 'kevin1@sgedd.com', '$2a$10$I4LvGKMXz0otxVpJdv1kOOF7nLqyHscsIQBwsgsNPNeQuEUpXCDHa', '2025-12-03 02:44:41.456248+00', NULL, '', NULL, '', NULL, '', '', NULL, '2025-12-03 02:44:41.512787+00', '{"provider": "email", "providers": ["email"]}', '{"sub": "ce17b815-ebb2-44e5-befc-87815ee6188f", "email": "kevin1@sgedd.com", "email_verified": true, "phone_verified": false}', NULL, '2025-12-03 02:44:41.442892+00', '2025-12-03 02:44:41.518541+00', NULL, NULL, '', '', NULL, '', 0, NULL, '', NULL, false, NULL, false),
	('00000000-0000-0000-0000-000000000000', '30d54813-b057-4497-ad0e-7ee8cf9c7876', 'authenticated', 'authenticated', 'carlos1@sgedd.com', '$2a$10$RsfOHilavicCmNSW7KsZHObPBlS6OVKGTiBSslRh//USu0fN5lc8u', '2025-12-03 02:40:45.587803+00', NULL, '', NULL, '', NULL, '', '', NULL, '2025-12-03 02:40:45.6106+00', '{"provider": "email", "providers": ["email"]}', '{"sub": "30d54813-b057-4497-ad0e-7ee8cf9c7876", "email": "carlos1@sgedd.com", "email_verified": true, "phone_verified": false}', NULL, '2025-12-03 02:40:45.553673+00', '2025-12-03 02:40:45.619299+00', NULL, NULL, '', '', NULL, '', 0, NULL, '', NULL, false, NULL, false);


--
-- Data for Name: identities; Type: TABLE DATA; Schema: auth; Owner: supabase_auth_admin
--

INSERT INTO "auth"."identities" ("provider_id", "user_id", "identity_data", "provider", "last_sign_in_at", "created_at", "updated_at", "id") VALUES
	('748ba0b1-73d2-49ec-b48c-1f7a20df69bb', '748ba0b1-73d2-49ec-b48c-1f7a20df69bb', '{"sub": "748ba0b1-73d2-49ec-b48c-1f7a20df69bb", "email": "alejandro1@sgedd.com", "email_verified": false, "phone_verified": false}', 'email', '2025-11-28 03:42:47.027989+00', '2025-11-28 03:42:47.028016+00', '2025-11-28 03:42:47.028016+00', 'c81c0004-14db-447d-a4b2-f8430635f7aa'),
	('53798262-7c9d-4764-94e5-31e00c1790c5', '53798262-7c9d-4764-94e5-31e00c1790c5', '{"sub": "53798262-7c9d-4764-94e5-31e00c1790c5", "email": "cesar1@sgedd.com", "email_verified": false, "phone_verified": false}', 'email', '2025-11-28 03:43:17.067216+00', '2025-11-28 03:43:17.067249+00', '2025-11-28 03:43:17.067249+00', '122088c4-a10a-4a2e-b127-6952a31b83f1'),
	('1d9c6248-0cc0-4496-b8ca-1fa012fbf38e', '1d9c6248-0cc0-4496-b8ca-1fa012fbf38e', '{"sub": "1d9c6248-0cc0-4496-b8ca-1fa012fbf38e", "email": "diego1@sgedd.com", "email_verified": false, "phone_verified": false}', 'email', '2025-11-28 03:43:36.978709+00', '2025-11-28 03:43:36.978736+00', '2025-11-28 03:43:36.978736+00', 'dc181434-fe69-4e61-93ee-656d8570bc7b'),
	('d1e7797e-7e6e-423f-9056-f1bda4a3bc1d', 'd1e7797e-7e6e-423f-9056-f1bda4a3bc1d', '{"sub": "d1e7797e-7e6e-423f-9056-f1bda4a3bc1d", "email": "abel1@sgedd.com", "email_verified": false, "phone_verified": false}', 'email', '2025-12-01 21:49:59.822297+00', '2025-12-01 21:49:59.822403+00', '2025-12-01 21:49:59.822403+00', '6be3c09d-4425-44b0-8b8d-fca0f2036455'),
	('30d54813-b057-4497-ad0e-7ee8cf9c7876', '30d54813-b057-4497-ad0e-7ee8cf9c7876', '{"sub": "30d54813-b057-4497-ad0e-7ee8cf9c7876", "email": "carlos1@sgedd.com", "email_verified": false, "phone_verified": false}', 'email', '2025-12-03 02:40:45.58067+00', '2025-12-03 02:40:45.581065+00', '2025-12-03 02:40:45.581065+00', '3380f6c0-4632-4fa1-b4c9-5612344c3964'),
	('ce17b815-ebb2-44e5-befc-87815ee6188f', 'ce17b815-ebb2-44e5-befc-87815ee6188f', '{"sub": "ce17b815-ebb2-44e5-befc-87815ee6188f", "email": "kevin1@sgedd.com", "email_verified": false, "phone_verified": false}', 'email', '2025-12-03 02:44:41.450694+00', '2025-12-03 02:44:41.450735+00', '2025-12-03 02:44:41.450735+00', 'e931fec9-7bae-41d5-aa28-a3d141262f1d'),
	('4bbeb609-723c-4da9-b214-8583d29c2c02', '4bbeb609-723c-4da9-b214-8583d29c2c02', '{"sub": "4bbeb609-723c-4da9-b214-8583d29c2c02", "email": "ernesto1@sgedd.com", "email_verified": false, "phone_verified": false}', 'email', '2025-12-03 03:35:03.965226+00', '2025-12-03 03:35:03.965331+00', '2025-12-03 03:35:03.965331+00', 'c5d7f576-896d-4147-bb4f-68513d6b9d26');


--
-- Data for Name: instances; Type: TABLE DATA; Schema: auth; Owner: supabase_auth_admin
--



--
-- Data for Name: oauth_clients; Type: TABLE DATA; Schema: auth; Owner: supabase_auth_admin
--



--
-- Data for Name: sessions; Type: TABLE DATA; Schema: auth; Owner: supabase_auth_admin
--

INSERT INTO "auth"."sessions" ("id", "user_id", "created_at", "updated_at", "factor_id", "aal", "not_after", "refreshed_at", "user_agent", "ip", "tag", "oauth_client_id", "refresh_token_hmac_key", "refresh_token_counter") VALUES
	('f612e05d-da5a-4c79-90f5-dd4dfe5cb129', '4bbeb609-723c-4da9-b214-8583d29c2c02', '2025-12-03 03:35:04.018217+00', '2025-12-03 05:49:04.679333+00', NULL, 'aal1', NULL, '2025-12-03 05:49:04.679269', 'node', '172.18.0.1', NULL, NULL, NULL, NULL);


--
-- Data for Name: mfa_amr_claims; Type: TABLE DATA; Schema: auth; Owner: supabase_auth_admin
--

INSERT INTO "auth"."mfa_amr_claims" ("session_id", "created_at", "updated_at", "authentication_method", "id") VALUES
	('f612e05d-da5a-4c79-90f5-dd4dfe5cb129', '2025-12-03 03:35:04.027709+00', '2025-12-03 03:35:04.027709+00', 'password', '552c49a5-7abe-4ea2-9e3c-e5acd7838b81');


--
-- Data for Name: mfa_factors; Type: TABLE DATA; Schema: auth; Owner: supabase_auth_admin
--



--
-- Data for Name: mfa_challenges; Type: TABLE DATA; Schema: auth; Owner: supabase_auth_admin
--



--
-- Data for Name: oauth_authorizations; Type: TABLE DATA; Schema: auth; Owner: supabase_auth_admin
--



--
-- Data for Name: oauth_consents; Type: TABLE DATA; Schema: auth; Owner: supabase_auth_admin
--



--
-- Data for Name: one_time_tokens; Type: TABLE DATA; Schema: auth; Owner: supabase_auth_admin
--



--
-- Data for Name: refresh_tokens; Type: TABLE DATA; Schema: auth; Owner: supabase_auth_admin
--

INSERT INTO "auth"."refresh_tokens" ("instance_id", "id", "token", "user_id", "revoked", "created_at", "updated_at", "parent", "session_id") VALUES
	('00000000-0000-0000-0000-000000000000', 76, 'mjyqi3d537gj', '4bbeb609-723c-4da9-b214-8583d29c2c02', true, '2025-12-03 03:35:04.022068+00', '2025-12-03 04:36:02.594601+00', NULL, 'f612e05d-da5a-4c79-90f5-dd4dfe5cb129'),
	('00000000-0000-0000-0000-000000000000', 77, 'cs2hkvwsovl2', '4bbeb609-723c-4da9-b214-8583d29c2c02', true, '2025-12-03 04:36:02.600668+00', '2025-12-03 05:48:49.887392+00', 'mjyqi3d537gj', 'f612e05d-da5a-4c79-90f5-dd4dfe5cb129'),
	('00000000-0000-0000-0000-000000000000', 78, 'dqlxb76vbfpy', '4bbeb609-723c-4da9-b214-8583d29c2c02', false, '2025-12-03 05:48:49.890533+00', '2025-12-03 05:48:49.890533+00', 'cs2hkvwsovl2', 'f612e05d-da5a-4c79-90f5-dd4dfe5cb129');


--
-- Data for Name: sso_providers; Type: TABLE DATA; Schema: auth; Owner: supabase_auth_admin
--



--
-- Data for Name: saml_providers; Type: TABLE DATA; Schema: auth; Owner: supabase_auth_admin
--



--
-- Data for Name: saml_relay_states; Type: TABLE DATA; Schema: auth; Owner: supabase_auth_admin
--



--
-- Data for Name: sso_domains; Type: TABLE DATA; Schema: auth; Owner: supabase_auth_admin
--



--
-- Data for Name: docente; Type: TABLE DATA; Schema: public; Owner: postgres
--

INSERT INTO "public"."docente" ("rfc", "fecha_ingreso", "hrs_carga", "estatus_plaza", "clave_presupuestal", "departamento", "numero_afiliacion", "categoria_plaza") VALUES
	('GOM920801TD8', '2008-02-14', 40, 'Base', 'PB-4021', 'Sistemas', '789456123', 'PTC'),
	('MLJ821102KD1', '2011-08-20', 42, 'Base', 'PB-3812', 'Industrial', '695214789', 'PTC'),
	('RMA921228TP9', '2015-09-01', 44, 'Base', 'PB-4510', 'Gestin Empresarial', '845796321', 'PTC'),
	('LOP&850407XZ4', '2006-03-10', 40, 'Base', 'PB-3308', 'Arquitectura', '695874102', 'PTC'),
	('ZULS830923ML2', '2012-07-12', 41, 'Base', 'PB-5020', 'Mecatrnica', '458793614', 'PTC'),
	('FERA990105QH6', '2018-02-05', 43, 'Base', 'PB-5112', 'Qumica', '891274563', 'PTC'),
	('CTA770916BW8', '2004-11-23', 40, 'Base', 'PB-2901', 'Administracin', '478596132', 'PTC'),
	('HERA880706C9A', '2009-05-18', 45, 'Base', 'PB-3107', 'Electrnica', '897461325', 'PTC'),
	('QTR760530VF5', '2001-06-12', 40, 'Base', 'PB-2109', 'Ciencias Bsicas', '984756120', 'PTC');


--
-- Data for Name: actividadcomplementaria; Type: TABLE DATA; Schema: public; Owner: postgres
--

INSERT INTO "public"."actividadcomplementaria" ("actividadcomplementid", "descripcionactividad", "periodo", "noalumnos", "noalumnosconcredito", "docente_rfc") VALUES
	('ae56d278-21ec-49e0-8e1e-86f1e9c8697a', 'Participacin en congreso tecnolgico', '2025-A', 30, 28, 'GOM920801TD8'),
	('983ad230-2d67-4bcb-9ee9-ca38e5e4e95e', 'Feria de innovacin', '2025-A', 25, 22, 'MLJ821102KD1'),
	('92e1c817-01f0-46aa-a8c6-c9bd78249b47', 'Curso interdisciplinario', '2025-A', 20, 18, 'RMA921228TP9'),
	('8390c9bd-3daf-4415-879e-75e7ad20de49', 'Rally de ciencias', '2025-A', 15, 14, 'LOP&850407XZ4'),
	('c0818a42-3121-4e7b-998c-bd65f44fb7ed', 'Proyecto comunitario', '2025-A', 18, 17, 'ZULS830923ML2'),
	('9438b6de-5d14-4bbf-860e-fbe3564f823c', 'Taller ambiental', '2025-A', 22, 20, 'FERA990105QH6'),
	('13d35c0c-6409-41da-ac0f-5d2649e621f1', 'Simposio acadmico', '2025-A', 28, 25, 'CTA770916BW8'),
	('fd363317-cca8-4e75-b6c3-86be272106f1', 'Concurso de prototipos', '2025-A', 26, 22, 'HERA880706C9A'),
	('4b6407a3-9b24-489c-b691-69333aa8fb37', 'Olimpiada de matemticas', '2025-A', 40, 39, 'QTR760530VF5');


--
-- Data for Name: actividadesadministrativas; Type: TABLE DATA; Schema: public; Owner: postgres
--

INSERT INTO "public"."actividadesadministrativas" ("actadministrativaid", "puesto", "descripcionactividades", "unidadeshora", "docente_rfc") VALUES
	('63a7cabf-f64a-4ff0-b900-486af972fa7c', 'Coordinador de carrera', 'Gestin de cargas, seguimiento acadmico', 6, 'GOM920801TD8'),
	('09924581-476c-487c-ad52-86e51bdeb40e', 'Jefe de laboratorio', 'Supervisin de equipo y prcticas', 4, 'MLJ821102KD1'),
	('3861771c-8de2-4294-b23a-97ddbdcfe3ea', 'Enlace de tutora', 'Asignacin y seguimiento de tutorados', 3, 'RMA921228TP9'),
	('1c38ae47-6e06-48b6-ae5d-c4bb02c59085', 'Responsable de aula digital', 'Administracin de equipos y soporte', 4, 'LOP&850407XZ4'),
	('3464d9dc-bc54-4317-a697-e85aea50c634', 'Comit acadmico', 'Participacin en dictmenes y evaluaciones', 3, 'ZULS830923ML2'),
	('076d2280-261e-4cc0-a6ae-fb9ee384b4b0', 'Apoyo administrativo', 'Gestin documental del departamento', 2, 'FERA990105QH6'),
	('51c694b8-ddd3-4d00-aa89-6ed06ae35c6c', 'Responsable de prcticas', 'Control de prcticas escolares', 4, 'CTA770916BW8'),
	('e9e0cb5c-165e-4d02-93fe-a7b789e2bc26', 'Jefe de departamento', 'Gestin operativa y acadmica', 8, 'HERA880706C9A'),
	('7f3f507e-4ab4-4629-a8ca-d101a2e8a574', 'Revisor acadmico', 'Revisin de programas y evidencias docentes', 4, 'QTR760530VF5');


--
-- Data for Name: apoyoadocencia; Type: TABLE DATA; Schema: public; Owner: postgres
--

INSERT INTO "public"."apoyoadocencia" ("apoyodocid", "nombreactividad", "meta", "horas", "docente_rfc") VALUES
	('3910b988-f23e-4c7f-a31e-70b54ffbcc1f', 'Asesoras Acadmicas', '20 estudiantes asesorados', 6, 'GOM920801TD8'),
	('898c31d8-a745-469f-b0f4-4a870fe529af', 'Diseo de material didctico', '5 unidades de aprendizaje', 5, 'MLJ821102KD1'),
	('f0427cad-71c7-4080-84b2-b436a5e1c316', 'Actualizacin de contenidos', '3 programas actualizados', 4, 'RMA921228TP9'),
	('ec29d909-aa6b-494a-a773-78205c36c542', 'Junta de academia', 'Participacin mensual', 2, 'ZULS830923ML2'),
	('c9b1e739-c01c-4a26-aae4-c43f55e9a3dd', 'Laboratorio de qumica', '5 prcticas actualizadas', 4, 'FERA990105QH6'),
	('8e861bff-c9cf-43ff-bf58-2cc477b6006a', 'Material administrativo', '80 documentos procesados', 3, 'CTA770916BW8'),
	('eb9d076f-ce47-40e6-847d-fa6024b0d3d8', 'Mantenimiento de equipos', '10 equipos revisados', 4, 'HERA880706C9A'),
	('c78a4765-0844-4e85-b3ae-606e1b3ef34c', 'Sesiones de regularizacin', '15 estudiantes atendidos', 5, 'QTR760530VF5');


--
-- Data for Name: generador; Type: TABLE DATA; Schema: public; Owner: postgres
--

INSERT INTO "public"."generador" ("rfc") VALUES
	('GENA800101AA1'),
	('GENB800102BB2'),
	('GENC800103CC3'),
	('GEND800104DD4'),
	('GENE800105EE5'),
	('GENA800202BB1'),
	('GENE999125EE3');


--
-- Data for Name: tipodocumento; Type: TABLE DATA; Schema: public; Owner: postgres
--

INSERT INTO "public"."tipodocumento" ("tipodocid", "nombretipo", "tipoinf", "plantillaruta", "docintegrado") VALUES
	('5f76042e-fffe-40ab-a950-8c083839e7b0', 'Carta de Exclusividad Laboral', 'Documento en que especifica el horario en que se van a realizar las actividades version A', '/plantillas/formato_horario_actividades_A.docx', NULL),
	('9d1749bd-0136-4b3b-8ff4-c686fcf0a766', 'Constancia Actualizacion Curriculum', 'Documento en que especifica el horario en que se van a realizar las actividades version C', '/plantillas/formato_horario_actividades_C.docx', NULL),
	('a0473e8a-832f-4565-8a84-71a25a263930', 'Constancia Alumnos Atendidos', 'Documento en que especifica el horario en que se van a realizar las actividades version B', '/plantillas/formato_horario_actividades_B.docx', NULL),
	('068fe9fd-c111-4753-be14-a101729b2748', 'Constancia Docente', 'Documento que acredita la identidad del docente', '/plantillas/constancia_docente.docx', NULL),
	('879017b6-aa3a-450c-84f0-a106dc5bca3f', 'Formato de Actividades', 'Registro de Actividades', NULL, NULL),
	('d417fd2c-0874-4156-9092-2172f266390f', 'Constancia de Cumplimiento de Actividades', 'Cumplimiento de Actividades', NULL, NULL),
	('e9c608c6-2d8e-4c0d-819b-8151e7c797ea', 'Carta de Liberacion de Actividades', 'Liberacion de Actividades', NULL, NULL),
	('d2c89db2-3c03-48f3-8838-5ce9c92cbc22', 'Carta de Grupos Licenciatura', 'Lista Grupos de Licenciatura', NULL, NULL),
	('35c6b0d1-b2d4-4f0e-9f6d-2a53d143b349', 'Carta de Evaluacion', 'Evaluacion del Docente', NULL, NULL),
	('4afd2ad2-0450-44b4-8ef1-6082ae40fc76', 'Constancia Tutorias', 'Aval de las tutorias', NULL, NULL),
	('2a28acbd-afe5-41ae-8bb4-cc5406ed1a50', 'Constancia de Recursos', 'Elaboracion de Recursos Educativos', NULL, NULL);


--
-- Data for Name: asignaciongenerador; Type: TABLE DATA; Schema: public; Owner: postgres
--

INSERT INTO "public"."asignaciongenerador" ("asignacionid", "nombrerol", "generador_rfc", "tipodocid") VALUES
	('4f600ee1-b9ca-4db5-9f56-af1d5263f098', 'generador', 'GENA800101AA1', '068fe9fd-c111-4753-be14-a101729b2748'),
	('ecb44144-629d-4299-a508-be6c570c1b28', 'generador', 'GENA800101AA1', '5f76042e-fffe-40ab-a950-8c083839e7b0'),
	('f8f1fb1d-1a03-49c8-80eb-82859a14104b', 'generador', 'GENA800101AA1', 'a0473e8a-832f-4565-8a84-71a25a263930'),
	('6392a4b7-1d9f-4ac2-ba20-60248a2bf53b', 'generador', 'GENA800101AA1', '9d1749bd-0136-4b3b-8ff4-c686fcf0a766'),
	('d67ffeac-1077-4795-b26b-1226fe7aae3f', 'generador', 'GENB800102BB2', '068fe9fd-c111-4753-be14-a101729b2748'),
	('a8d63531-c554-4287-9de4-083c35a06286', 'generador', 'GENB800102BB2', '5f76042e-fffe-40ab-a950-8c083839e7b0'),
	('fb2d3f7e-8c9f-4d77-b798-9f22bc0ee600', 'generador', 'GENB800102BB2', 'a0473e8a-832f-4565-8a84-71a25a263930'),
	('af89d906-bf9e-44b6-99de-83fd60c61f36', 'generador', 'GENB800102BB2', '9d1749bd-0136-4b3b-8ff4-c686fcf0a766'),
	('4ad842d4-b838-44e6-9cb5-036288f1afa9', 'generador', 'GENC800103CC3', '068fe9fd-c111-4753-be14-a101729b2748'),
	('833c7e47-7536-4887-8930-6603deb7fbd3', 'generador', 'GENC800103CC3', '5f76042e-fffe-40ab-a950-8c083839e7b0'),
	('d8999b54-72f2-4eb1-95be-6ef028040297', 'generador', 'GENC800103CC3', 'a0473e8a-832f-4565-8a84-71a25a263930'),
	('8df8bc10-99f1-4a3e-8fd6-2f29b881c9a7', 'generador', 'GENC800103CC3', '9d1749bd-0136-4b3b-8ff4-c686fcf0a766'),
	('19707ff9-a283-43cb-88b0-87f4590603f9', 'generador', 'GEND800104DD4', '068fe9fd-c111-4753-be14-a101729b2748'),
	('f1048b72-4efb-4c86-9cc6-ad568ce11f3d', 'generador', 'GEND800104DD4', '5f76042e-fffe-40ab-a950-8c083839e7b0'),
	('9570a522-d1c5-4e89-bc1c-5f3410bf8f96', 'generador', 'GEND800104DD4', 'a0473e8a-832f-4565-8a84-71a25a263930'),
	('39149a97-6f7d-476f-9660-9ab823f6282e', 'generador', 'GEND800104DD4', '9d1749bd-0136-4b3b-8ff4-c686fcf0a766'),
	('0f86c2ee-8b8f-4c20-b2a1-48d0fdd07364', 'generador', 'GENE800105EE5', '068fe9fd-c111-4753-be14-a101729b2748'),
	('02035f93-f73a-4587-9af0-6ded898682b9', 'generador', 'GENE800105EE5', '5f76042e-fffe-40ab-a950-8c083839e7b0'),
	('9a9dde8e-4aa3-4aa8-8efb-89c3732e3b6a', 'generador', 'GENE800105EE5', 'a0473e8a-832f-4565-8a84-71a25a263930'),
	('054e5e3f-a001-4cf7-82c9-2c2c140c3b7d', 'generador', 'GENE800105EE5', '9d1749bd-0136-4b3b-8ff4-c686fcf0a766');


--
-- Data for Name: materia; Type: TABLE DATA; Schema: public; Owner: postgres
--

INSERT INTO "public"."materia" ("materiaid", "clavemateria", "nombre", "creditos", "carrera") VALUES
	('89bd872a-e764-4180-8ee5-9f0d56a7b300', 'IS101', 'Programacin I', 8, 'Ingeniera en Sistemas'),
	('2ebf03c0-ecff-4b06-a068-cb0822a33515', 'IS202', 'Estructura de Datos', 8, 'Ingeniera en Sistemas'),
	('b9727344-da75-4f04-b3d3-696ae3af42d5', 'IN301', 'Procesos Industriales', 7, 'Ingeniera Industrial'),
	('71818795-a389-49a9-bd94-c8fd98417b1a', 'AD110', 'Fundamentos de Administracin', 6, 'Lic. en Administracin'),
	('69705d46-7334-4976-a634-82b6f238eed9', 'AR205', 'Diseo Arquitectnico', 7, 'Arquitectura'),
	('d3071682-0373-4ea6-bd85-1ddb63e94f58', 'ME210', 'Sistemas de Manufactura', 8, 'Mecatrnica'),
	('5253fbd2-9b2b-4195-90fa-2c0b685f19ff', 'QU101', 'Qumica General', 6, 'Qumica'),
	('889304a7-2534-416f-a47e-18566ded9abe', 'EL303', 'Electrnica II', 7, 'Electrnica'),
	('721af641-ea34-49cd-89d4-81e453ebadfa', 'CB100', 'Clculo Diferencial', 6, 'Ciencias Bsicas'),
	('d050a797-f247-43b3-86ab-095e4b389705', 'IN205', 'Seguridad Industrial', 6, 'Ingeniera Industrial');


--
-- Data for Name: cargamaterias; Type: TABLE DATA; Schema: public; Owner: postgres
--

INSERT INTO "public"."cargamaterias" ("cargaid", "periodo", "grupo", "aula", "noalumnos", "modalidad", "materiaid", "docente_rfc", "horario") VALUES
	('0364499c-f1f8-4328-a4af-b5ebe2146496', '2025-B', '213', 'C2', 20, 'Presencial', '89bd872a-e764-4180-8ee5-9f0d56a7b300', 'RMA921228TP9', '07:00-08:00'),
	('93d03ad3-8834-445a-abd9-7f72b40f592d', '2025-A', 'CB1', 'Aula 5', 33, 'Presencial', 'd3071682-0373-4ea6-bd85-1ddb63e94f58', 'QTR760530VF5', '07:00-08:00'),
	('4c882bab-63d4-41dc-a2e8-12e50f33693a', '2025-A', 'EF121', 'C4', 21, 'Presencial', '2ebf03c0-ecff-4b06-a068-cb0822a33515', 'ZULS830923ML2', '07:00-08:00'),
	('c212d50e-f3b0-45e8-be64-631f6aea28c1', '2025-A', 'A2', 'Aula 12', 31, 'Presencial', 'b9727344-da75-4f04-b3d3-696ae3af42d5', 'GOM920801TD8', '08:00-09:00'),
	('6b303f62-db0a-467a-9066-ad9ec7767042', '2025-A', 'A1', 'Lab 3', 28, 'Presencial', '721af641-ea34-49cd-89d4-81e453ebadfa', 'GOM920801TD8', '08:00-09:00'),
	('f4068376-01e6-410d-963a-57577d66b1e5', '2025-A', '21', 'C3', 10, 'Virtual', '71818795-a389-49a9-bd94-c8fd98417b1a', 'RMA921228TP9', '09:00-10:00'),
	('03d3121a-3adb-4280-9f20-59cb51c884b9', '2025-A', 'E1', 'Lab E2', 26, 'Presencial', '2ebf03c0-ecff-4b06-a068-cb0822a33515', 'HERA880706C9A', '09:00-10:00'),
	('85b32d0c-adff-410c-8af5-667c7b446496', '2025-A', 'A3', 'Aula 14', 30, 'Presencial', '889304a7-2534-416f-a47e-18566ded9abe', 'CTA770916BW8', '11:00-12:00'),
	('3acd5716-7116-4f5a-b80b-85037e76ae66', '2025-A', 'M1', 'Lab 5', 24, 'Presencial', '5253fbd2-9b2b-4195-90fa-2c0b685f19ff', 'ZULS830923ML2', '11:00-12:00'),
	('8eeded19-5c4a-4d2a-92d2-e7dd4738efa0', '2025-A', 'I1', 'Lab 7', 26, 'Presencial', 'd050a797-f247-43b3-86ab-095e4b389705', 'MLJ821102KD1', '12:00-13:00'),
	('e11b7c7e-1008-47cc-86c5-f8e019abb988', '2025-A', 'Q2', 'Lab Q1', 22, 'Presencial', '89bd872a-e764-4180-8ee5-9f0d56a7b300', 'FERA990105QH6', '12:00-13:00');


--
-- Data for Name: convocatoria; Type: TABLE DATA; Schema: public; Owner: postgres
--

INSERT INTO "public"."convocatoria" ("convocatoriaid", "nombreconvocatoria", "fechainicio", "fechafin") VALUES
	('c92e81b8-60c4-4656-8d77-008a5059c8e5', 'Convocatoria Semestral 2025-2', '2025-06-06', '2025-10-17');


--
-- Data for Name: curriculum; Type: TABLE DATA; Schema: public; Owner: postgres
--

INSERT INTO "public"."curriculum" ("noderegistro", "fechaactualizacion", "docente_rfc") VALUES
	('c2611c72-7980-4fdd-960b-eceedefe579e', '2024-10-01', 'GOM920801TD8'),
	('50f770ae-c20e-4be2-82b4-b49b96bedf0b', '2024-11-12', 'MLJ821102KD1'),
	('84bef2c5-5c68-4752-9d8e-3764c2c38554', '2025-01-20', 'RMA921228TP9'),
	('cd11cad6-3060-4971-8d53-245c0def7c94', '2024-09-15', 'LOP&850407XZ4'),
	('6b9f9ce7-a54e-4159-b1db-06b766cfc0ca', '2024-08-27', 'FERA990105QH6'),
	('d69214a6-6988-4e2b-b680-5d63729e6f07', '2025-02-10', 'CTA770916BW8'),
	('72b2c90b-9fb4-4554-b2c8-28323f601ad6', '2024-10-22', 'HERA880706C9A'),
	('65ff36c7-e245-454a-b5d0-e7ae07476228', '2024-09-30', 'QTR760530VF5'),
	('fb70f775-4af5-4b98-886b-dd3d07ef9cd0', '2025-01-20', 'ZULS830923ML2');


--
-- Data for Name: expediente; Type: TABLE DATA; Schema: public; Owner: postgres
--

INSERT INTO "public"."expediente" ("expedienteid", "fechacreacion", "estado", "convocatoriaid", "docente_rfc") VALUES
	('4ea98a9f-4fa0-45cd-8b3a-ca16ea885489', '2025-06-07', 'ABIERTO', 'c92e81b8-60c4-4656-8d77-008a5059c8e5', 'GOM920801TD8'),
	('7dd679bb-1d27-4b2d-9d5b-830d8b858b78', '2025-06-07', 'ABIERTO', 'c92e81b8-60c4-4656-8d77-008a5059c8e5', 'MLJ821102KD1'),
	('a64350ee-b8c5-4829-8ca8-8c27278ebb9a', '2025-06-07', 'ABIERTO', 'c92e81b8-60c4-4656-8d77-008a5059c8e5', 'RMA921228TP9'),
	('6724fd69-72bc-4ec5-b43d-c73ce127ff60', '2025-06-07', 'ABIERTO', 'c92e81b8-60c4-4656-8d77-008a5059c8e5', 'LOP&850407XZ4'),
	('06192453-999d-487c-bb5b-76db5dc08236', '2025-06-07', 'ABIERTO', 'c92e81b8-60c4-4656-8d77-008a5059c8e5', 'ZULS830923ML2'),
	('a04b0625-7a49-48ec-986f-a25e67af86fc', '2025-06-07', 'ABIERTO', 'c92e81b8-60c4-4656-8d77-008a5059c8e5', 'FERA990105QH6'),
	('6ac0d58c-7933-40b2-84ed-bdfaba796108', '2025-06-07', 'ABIERTO', 'c92e81b8-60c4-4656-8d77-008a5059c8e5', 'CTA770916BW8'),
	('f8d95b2c-3ec6-4830-9c59-8f4efc356ed6', '2025-06-07', 'ABIERTO', 'c92e81b8-60c4-4656-8d77-008a5059c8e5', 'HERA880706C9A'),
	('ef2e4960-5f67-4804-a7ea-bf2c61ec5112', '2025-06-07', 'ABIERTO', 'c92e81b8-60c4-4656-8d77-008a5059c8e5', 'QTR760530VF5');


--
-- Data for Name: documento; Type: TABLE DATA; Schema: public; Owner: postgres
--

INSERT INTO "public"."documento" ("documentoid", "estadoactual", "rutaarchivo", "tipodocid", "expedienteid") VALUES
	('1fa85a78-0fe5-471b-a484-089f4b2d72cf', 'Generado', 'http://127.0.0.1:54321/storage/v1/object/public/documentos/ZULS830923ML2-1764722796583.pdf', 'a0473e8a-832f-4565-8a84-71a25a263930', '06192453-999d-487c-bb5b-76db5dc08236'),
	('2df04399-e08f-4e93-af86-37ad88b4a495', 'Generado', 'http://127.0.0.1:54321/storage/v1/object/public/documentos/ZULS830923ML2-1764722912486.pdf', '068fe9fd-c111-4753-be14-a101729b2748', '06192453-999d-487c-bb5b-76db5dc08236'),
	('d59b21ba-5917-44b7-b7d6-2c4c8eb2101c', 'Generado', 'http://127.0.0.1:54321/storage/v1/object/public/documentos/ZULS830923ML2-1764728846392.pdf', '879017b6-aa3a-450c-84f0-a106dc5bca3f', '06192453-999d-487c-bb5b-76db5dc08236'),
	('55ff3e4f-2c9f-4c36-8f2e-3016ea42fb81', 'Generado', 'http://127.0.0.1:54321/storage/v1/object/public/documentos/LOP&850407XZ4-1764729891322.pdf', '879017b6-aa3a-450c-84f0-a106dc5bca3f', '6724fd69-72bc-4ec5-b43d-c73ce127ff60'),
	('c4fefa25-6246-431b-ab43-fd167e400f11', 'Generado', 'http://127.0.0.1:54321/storage/v1/object/public/documentos/LOP&850407XZ4-1764732425564.pdf', 'd417fd2c-0874-4156-9092-2172f266390f', '6724fd69-72bc-4ec5-b43d-c73ce127ff60'),
	('040bc013-fd3a-45ed-ad00-9ff7485552f5', 'Generado', 'http://127.0.0.1:54321/storage/v1/object/public/documentos/LOP&850407XZ4-1764732531199.pdf', 'a0473e8a-832f-4565-8a84-71a25a263930', '6724fd69-72bc-4ec5-b43d-c73ce127ff60'),
	('c2efd4d3-1743-4291-b663-0f75c5f6434a', 'Generado', 'http://127.0.0.1:54321/storage/v1/object/public/documentos/RMA921228TP9-1764732923665.pdf', '879017b6-aa3a-450c-84f0-a106dc5bca3f', 'a64350ee-b8c5-4829-8ca8-8c27278ebb9a'),
	('b06fd8ed-3c95-4b02-a0c1-eb90784198ff', 'Generado', 'http://127.0.0.1:54321/storage/v1/object/public/documentos/RMA921228TP9-1764733939224.pdf', '068fe9fd-c111-4753-be14-a101729b2748', 'a64350ee-b8c5-4829-8ca8-8c27278ebb9a'),
	('4a3958f7-c7de-4bd4-a9b9-158bd576fb89', 'Generado', 'http://127.0.0.1:54321/storage/v1/object/public/documentos/RMA921228TP9-1764734294553.pdf', 'd417fd2c-0874-4156-9092-2172f266390f', 'a64350ee-b8c5-4829-8ca8-8c27278ebb9a'),
	('74eae657-5b4c-4207-824e-ec2a7a462ff0', 'Generado', 'http://127.0.0.1:54321/storage/v1/object/public/documentos/RMA921228TP9-1764735389404.pdf', 'e9c608c6-2d8e-4c0d-819b-8151e7c797ea', 'a64350ee-b8c5-4829-8ca8-8c27278ebb9a'),
	('006f56c6-8cfb-4ce6-9f37-2e942e1674f5', 'Generado', 'http://127.0.0.1:54321/storage/v1/object/public/documentos/RMA921228TP9-1764737694655.pdf', 'd2c89db2-3c03-48f3-8838-5ce9c92cbc22', 'a64350ee-b8c5-4829-8ca8-8c27278ebb9a'),
	('0fcee86b-d322-4196-acb1-2e4c828fe43e', 'Generado', 'http://127.0.0.1:54321/storage/v1/object/public/documentos/RMA921228TP9-1764738784950.pdf', '35c6b0d1-b2d4-4f0e-9f6d-2a53d143b349', 'a64350ee-b8c5-4829-8ca8-8c27278ebb9a'),
	('65f7e9e0-519b-4b55-8a70-a7b696cc2b6b', 'Generado', 'http://127.0.0.1:54321/storage/v1/object/public/documentos/RMA921228TP9-1764739887079.pdf', '4afd2ad2-0450-44b4-8ef1-6082ae40fc76', 'a64350ee-b8c5-4829-8ca8-8c27278ebb9a'),
	('92e92be6-61e1-4184-a64b-a30b85ae853f', 'Generado', 'http://127.0.0.1:54321/storage/v1/object/public/documentos/RMA921228TP9-1764741028365.pdf', '2a28acbd-afe5-41ae-8bb4-cc5406ed1a50', 'a64350ee-b8c5-4829-8ca8-8c27278ebb9a');


--
-- Data for Name: documentoinfoextra; Type: TABLE DATA; Schema: public; Owner: postgres
--



--
-- Data for Name: estrategiadidactica; Type: TABLE DATA; Schema: public; Owner: postgres
--

INSERT INTO "public"."estrategiadidactica" ("estrategiadidactid", "descripcionestrategia", "materiaid", "docente_rfc") VALUES
	('ffba5cc4-6ff7-4287-999b-8c98e9281fd6', 'Aprendizaje basado en proyectos', NULL, 'GOM920801TD8'),
	('6282725d-041d-4713-92d4-95e2e43e65d7', 'Mtodo de casos', NULL, 'GOM920801TD8'),
	('a969c1fe-9824-4501-b7c6-aea178e1b532', 'Laboratorios guiados', NULL, 'MLJ821102KD1'),
	('1bbe466f-dcd3-4fbc-9364-f418208d4675', 'Simulacin industrial', NULL, 'MLJ821102KD1'),
	('44b73ff2-7b83-4cfd-a578-8e5299129eed', 'Investigacin aplicada', NULL, 'RMA921228TP9'),
	('33987e1d-4564-4490-bdca-d3a1a68f06ed', 'Prcticas en campo', NULL, 'LOP&850407XZ4'),
	('29a2eab0-c78d-4ee1-91a2-165288e3daa5', 'Resolucin de problemas', NULL, 'ZULS830923ML2'),
	('3f6b4961-a82f-48fc-8f58-bf9835c5d8d9', 'Tutora personalizada', NULL, 'FERA990105QH6'),
	('bda401c2-f631-45b8-b530-416902fca7b3', 'Clases invertidas', NULL, 'CTA770916BW8'),
	('ea6745ab-6afb-4987-9624-b53f03e8dc98', 'Laboratorio avanzado', NULL, 'HERA880706C9A'),
	('b334b969-3a43-4930-b4ac-f084fda3890c', 'Modelado matemtico', NULL, 'QTR760530VF5');


--
-- Data for Name: eventogeneracion; Type: TABLE DATA; Schema: public; Owner: postgres
--

INSERT INTO "public"."eventogeneracion" ("generador_rfc", "fechasolicitud", "idevento", "idsolicitante", "documento_id") VALUES
	('GENC800103CC3', '2025-12-03', '2bc8a78f-b683-452f-80d8-fc77896a12c3', 'ZULS830923ML2', '1fa85a78-0fe5-471b-a484-089f4b2d72cf'),
	('GENE800105EE5', '2025-12-03', '127c892b-834e-497d-8e6f-e619f26bd085', 'ZULS830923ML2', '2df04399-e08f-4e93-af86-37ad88b4a495'),
	('GENA800101AA1', '2025-12-03', 'ceb828af-06ca-4f8e-bf36-8c2eb5c5f944', 'ZULS830923ML2', 'd59b21ba-5917-44b7-b7d6-2c4c8eb2101c'),
	('GENA800101AA1', '2025-12-03', 'f752ce60-c044-4334-9a61-0ce73bfc6780', 'LOP&850407XZ4', '55ff3e4f-2c9f-4c36-8f2e-3016ea42fb81'),
	('GENA800202BB1', '2025-12-03', '37a3b8c2-5b77-4306-ba10-7cfc6bd6bf4c', 'LOP&850407XZ4', 'c4fefa25-6246-431b-ab43-fd167e400f11'),
	('GENC800103CC3', '2025-12-03', '5c037123-4601-40ee-bd07-6e4a53718e17', 'LOP&850407XZ4', '040bc013-fd3a-45ed-ad00-9ff7485552f5'),
	('GENA800101AA1', '2025-12-03', 'e21cce41-1bbb-4af7-8ca5-e67c46bbf1ad', 'RMA921228TP9', 'c2efd4d3-1743-4291-b663-0f75c5f6434a'),
	('GENE800105EE5', '2025-12-03', '5ca1e0fb-0438-4927-97db-fbd36d49bdae', 'RMA921228TP9', 'b06fd8ed-3c95-4b02-a0c1-eb90784198ff'),
	('GENA800202BB1', '2025-12-03', '4a5bc4ba-a480-4dfe-872a-e44b3d674b45', 'RMA921228TP9', '4a3958f7-c7de-4bd4-a9b9-158bd576fb89'),
	('GEND800104DD4', '2025-12-03', 'ebeaa102-cf11-4982-b75e-90a36d5a1199', 'RMA921228TP9', '74eae657-5b4c-4207-824e-ec2a7a462ff0'),
	('GEND800104DD4', '2025-12-03', '3abf51e2-808b-4c6b-bb37-8a9fa97db0c7', 'RMA921228TP9', '006f56c6-8cfb-4ce6-9f37-2e942e1674f5'),
	('GEND800104DD4', '2025-12-03', '5087afb8-175a-4de9-9a65-0c9be4c0f698', 'RMA921228TP9', '0fcee86b-d322-4196-acb1-2e4c828fe43e'),
	('GENB800102BB2', '2025-12-03', '638f359b-190a-4547-b4f9-1206a63d8f1b', 'RMA921228TP9', '65f7e9e0-519b-4b55-8a70-a7b696cc2b6b'),
	('GENE999125EE3', '2025-12-03', 'e1c36172-36e0-4909-80bf-3509ac83d26f', 'RMA921228TP9', '92e92be6-61e1-4184-a64b-a30b85ae853f');


--
-- Data for Name: revisor; Type: TABLE DATA; Schema: public; Owner: postgres
--

INSERT INTO "public"."revisor" ("rfc") VALUES
	('REV900101AA1'),
	('REV900102BB2'),
	('REV900103CC3'),
	('REV900104DD4'),
	('REV900105EE5');


--
-- Data for Name: eventovistobueno; Type: TABLE DATA; Schema: public; Owner: postgres
--



--
-- Data for Name: programa; Type: TABLE DATA; Schema: public; Owner: postgres
--

INSERT INTO "public"."programa" ("programaid", "periodovalidez", "docente_rfc") VALUES
	('84faeba3-4a0d-4b55-92ba-a34e2a63d8ab', '2025-A', 'GOM920801TD8'),
	('11ed850b-eb93-4d1e-b285-b4634d77e8ef', '2025-A', 'MLJ821102KD1'),
	('efb4f27f-c69c-4e60-9eed-e189bcfbf0e8', '2024-B', 'RMA921228TP9'),
	('086a5f60-6138-42b5-86c0-8a5fd85ecd38', '2025-A', 'LOP&850407XZ4'),
	('2ff17143-f457-4808-9500-6d108e25f294', '2024-B', 'ZULS830923ML2'),
	('8387d544-3d19-495f-9d01-2f09947e30a7', '2025-A', 'FERA990105QH6'),
	('ed858804-c5ed-4b58-a58f-c25509b2a4bd', '2024-B', 'CTA770916BW8'),
	('6dbb1c50-525c-4e4d-be34-9b834edd26d3', '2025-A', 'HERA880706C9A'),
	('e4d246e7-fec9-4f30-b51d-fa099f014294', '2025-A', 'QTR760530VF5');


--
-- Data for Name: recursoeducativo; Type: TABLE DATA; Schema: public; Owner: postgres
--

INSERT INTO "public"."recursoeducativo" ("recursoeduid", "semestreelaboracion", "programaeducativo", "materialid", "docente_rfc") VALUES
	('3cbb593d-75a3-48f9-90a7-ab6e13f40d4b', '2025-1', 'Ciencias Bsicas', '2ebf03c0-ecff-4b06-a068-cb0822a33515', 'QTR760530VF5'),
	('68ff2b17-fef1-4401-aa99-91775f723b7f', '2024-2', 'Ingeniera Industrial', '721af641-ea34-49cd-89d4-81e453ebadfa', 'MLJ821102KD1'),
	('46a5ea11-8b52-4654-9c3d-1d52fb377bb8', '2025-1', 'Ingeniera en Sistemas', '89bd872a-e764-4180-8ee5-9f0d56a7b300', 'GOM920801TD8'),
	('50940e1c-fe5d-4839-974a-0fea7d4de027', '2025-1', 'Contadura', 'b9727344-da75-4f04-b3d3-696ae3af42d5', 'CTA770916BW8'),
	('7f68b31b-3260-4f52-9bd7-60dfa164b5e3', '2025-1', 'Mecatrnica', 'd3071682-0373-4ea6-bd85-1ddb63e94f58', 'ZULS830923ML2'),
	('f6281907-0ef3-49f9-94db-c4c86eb1be28', '2024-2', 'Arquitectura', 'b9727344-da75-4f04-b3d3-696ae3af42d5', 'LOP&850407XZ4'),
	('86ddf5ae-6bd8-41e2-9bf3-dffd66044132', '2024-2', 'Qumica', 'd050a797-f247-43b3-86ab-095e4b389705', 'FERA990105QH6'),
	('a1e89f76-cbc9-488f-a4c7-910d56406e08', '2024-2', 'Electrnica', '889304a7-2534-416f-a47e-18566ded9abe', 'HERA880706C9A'),
	('8217ef95-8fff-4fe3-8073-03c71649da5c', '2025-1', 'Lic. en Administracin', '71818795-a389-49a9-bd94-c8fd98417b1a', 'RMA921228TP9');


--
-- Data for Name: tickets; Type: TABLE DATA; Schema: public; Owner: postgres
--



--
-- Data for Name: tutores; Type: TABLE DATA; Schema: public; Owner: postgres
--

INSERT INTO "public"."tutores" ("tutoriaid", "periodo", "notutorados", "carreratutorados", "docente_rfc") VALUES
	('2454746e-1afb-42ff-9d94-9fe5d03ef3c0', '2025-A', 12, 'Sistemas', 'GOM920801TD8'),
	('66e191d7-5270-47be-8401-82f4671466ae', '2025-A', 10, 'Industrial', 'MLJ821102KD1'),
	('217eb364-2a61-45f1-8930-6efe94a88e05', '2025-A', 8, 'Arquitectura', 'LOP&850407XZ4'),
	('cda613ca-cd80-4f98-951a-ac0fd109fa6f', '2025-A', 11, 'Mecatrnica', 'ZULS830923ML2'),
	('fd627caa-6c5d-4e67-aea8-74b3ae42cebf', '2025-A', 13, 'Qumica', 'FERA990105QH6'),
	('7d988ef5-e834-488c-9747-b2ce95bfd901', '2025-A', 12, 'Contadura', 'CTA770916BW8'),
	('130cf6a5-ee5a-4478-9de1-85055cb6c95e', '2025-A', 14, 'Electrnica', 'HERA880706C9A'),
	('102f843b-3d75-45a8-9fd2-7f43a0d85ead', '2025-A', 9, 'Ciencias Bsicas', 'QTR760530VF5'),
	('7122ddf0-d36a-4820-b2dc-2646614e882d', '2025-A', 10, 'Sistemas', 'RMA921228TP9'),
	('078660ac-d1da-4222-8d80-ee73f70672c4', '2025-A', 10, 'Gestion', 'RMA921228TP9');


--
-- Data for Name: usuarios; Type: TABLE DATA; Schema: public; Owner: postgres
--

INSERT INTO "public"."usuarios" ("id", "rol", "nombre", "ap_pat", "ap_mat", "puesto", "supabase_user", "docente_rfc", "generador_rfc", "revisor_rfc") VALUES
	('a6af43d0-1e16-4e41-8a5f-c9573eb3c634', 'revisor', 'Beatriz', 'Lpez', 'Cano', 'Revisor Acadmico', NULL, NULL, NULL, 'REV900102BB2'),
	('3046f707-f40d-4acb-b9c4-bb3184f792e9', 'revisor', 'Csar', 'Martnez', 'Ortiz', 'Revisor Acadmico', NULL, NULL, NULL, 'REV900103CC3'),
	('d0930d29-b31d-4676-a20e-cc5e1462e3a9', 'revisor', 'Daniela', 'Flores', 'Nava', 'Revisor Acadmico', NULL, NULL, NULL, 'REV900104DD4'),
	('d41c9d4f-c0f3-417b-90e5-0816c377db7f', 'revisor', 'Esteban', 'Reyes', 'Ochoa', 'Revisor Acadmico', NULL, NULL, NULL, 'REV900105EE5'),
	('b34567d0-2c2b-4b7a-9fac-19ff366e931a', 'docente', 'Gerardo', 'Gmez', 'uez', 'Profesor de Tiempo Completo', NULL, 'GOM920801TD8', NULL, NULL),
	('d8291555-5545-4ae0-8502-eeec4ae86c18', 'docente', 'Mara', 'Muoz', 'Lpez', 'Profesor de Tiempo Completo', NULL, 'MLJ821102KD1', NULL, NULL),
	('0f8c5a9c-a979-4aea-9037-a4739b7158a8', 'docente', 'Fernando', 'Rentera', 'Alonso', 'Profesor de Tiempo Completo', NULL, 'FERA990105QH6', NULL, NULL),
	('e36d45de-a776-4977-abac-279cac28bc39', 'docente', 'Cynthia', 'olasco', 'Tavares', 'Profesor de Tiempo Completo', NULL, 'CTA770916BW8', NULL, NULL),
	('1a078d60-61ae-4c50-96ed-7a39daf7bd4e', 'docente', 'Hctor', 'Hernndez', 'Ramrez', 'Profesor de Tiempo Completo', NULL, 'HERA880706C9A', NULL, NULL),
	('c7b3cb2d-03d8-4464-8dcf-fbe0f9b50935', 'docente', 'Zulema', 'Santos', 'Lara', 'Profesor de Tiempo Completo', '748ba0b1-73d2-49ec-b48c-1f7a20df69bb', 'ZULS830923ML2', NULL, NULL),
	('a2c573eb-1148-45e8-8e33-1ecd92167c06', 'revisor', 'Arturo', 'Santos', 'Ros', 'Revisor Acadmico', '1d9c6248-0cc0-4496-b8ca-1fa012fbf38e', NULL, NULL, 'REV900101AA1'),
	('44e4c1d3-db35-4f9e-9443-5ace7fff70c7', 'generador', 'Diego', 'Torres', 'Vega', 'Recursos Humanos', NULL, NULL, 'GEND800104DD4', NULL),
	('a23d0701-0502-4b3a-b355-efe4c8ce9f04', 'generador', 'Bruno', 'Mndez', 'Paz', 'Jefe del Departamento de Desarrollo Academico', NULL, NULL, 'GENB800102BB2', NULL),
	('011fc7ed-9c1b-44f3-a232-1dfa8f57394c', 'generador', 'Elisa', 'Hernndez', 'Mora', 'Jefe de Departamento de Administracin', 'd1e7797e-7e6e-423f-9056-f1bda4a3bc1d', NULL, 'GENE800105EE5', NULL),
	('bd949366-d2e4-480b-b61d-c51ea82cfdc6', 'generador', 'Celia', 'Ramrez', 'Sols', 'Jefe del Departamento de Servicios Escolares', NULL, NULL, 'GENC800103CC3', NULL),
	('384d9b4d-28c5-441a-9c17-cad7b4187224', 'generador', 'Ana', 'Gmez', 'Luna', 'Coordinador de Carrera', '53798262-7c9d-4764-94e5-31e00c1790c5', NULL, 'GENA800101AA1', NULL),
	('9cd11827-9b0b-4475-bac4-d64323f54daa', 'docente', 'Quetzal', 'Trujillo', 'anco', 'Profesor de Tiempo Completo', '30d54813-b057-4497-ad0e-7ee8cf9c7876', 'QTR760530VF5', NULL, NULL),
	('ef3542f7-c53d-4fef-a19a-ea42b9c1ca61', 'docente', 'Lorena', 'Lpez', 'Andrade', 'Profesor de Tiempo Completo', 'ce17b815-ebb2-44e5-befc-87815ee6188f', 'LOP&850407XZ4', NULL, NULL),
	('g-213121', 'generador', 'Juan', 'Lopez', 'Lopez', 'Subdireccion Academica', NULL, NULL, 'GENA800202BB1', NULL),
	('9125e214-f8f0-4a22-8b3b-3bce1a0d1e48', 'docente', 'Ricardo', 'Martnez', 'Aguilar', 'Profesor de Tiempo Completo', '4bbeb609-723c-4da9-b214-8583d29c2c02', 'RMA921228TP9', NULL, NULL),
	('g-12345', 'generador', 'Marisol', 'Manjarrez', 'Beltrn', 'Jefe del Departamento de Sistemas', NULL, NULL, 'GENE999125EE3', NULL);


--
-- Data for Name: buckets; Type: TABLE DATA; Schema: storage; Owner: supabase_storage_admin
--

INSERT INTO "storage"."buckets" ("id", "name", "owner", "created_at", "updated_at", "public", "avif_autodetection", "file_size_limit", "allowed_mime_types", "owner_id", "type") VALUES
	('documentos', 'documentos', NULL, '2025-12-01 23:30:43.331488+00', '2025-12-01 23:30:43.331488+00', true, false, NULL, NULL, NULL, 'STANDARD');


--
-- Data for Name: buckets_analytics; Type: TABLE DATA; Schema: storage; Owner: supabase_storage_admin
--



--
-- Data for Name: buckets_vectors; Type: TABLE DATA; Schema: storage; Owner: supabase_storage_admin
--



--
-- Data for Name: iceberg_namespaces; Type: TABLE DATA; Schema: storage; Owner: supabase_storage_admin
--



--
-- Data for Name: iceberg_tables; Type: TABLE DATA; Schema: storage; Owner: supabase_storage_admin
--



--
-- Data for Name: objects; Type: TABLE DATA; Schema: storage; Owner: supabase_storage_admin
--

INSERT INTO "storage"."objects" ("id", "bucket_id", "name", "owner", "created_at", "updated_at", "last_accessed_at", "metadata", "version", "owner_id", "user_metadata", "level") VALUES
	('248bfad2-8ae8-4db7-8066-8ae68cc036c4', 'documentos', 'ZULS830923ML2-1764722796583.pdf', '748ba0b1-73d2-49ec-b48c-1f7a20df69bb', '2025-12-03 00:46:36.655113+00', '2025-12-03 00:46:36.655113+00', '2025-12-03 00:46:36.655113+00', '{"eTag": "\"dd5f9f93eb0dbee6c1f1cb2e1a5213b9\"", "size": 104629, "mimetype": "application/pdf", "cacheControl": "max-age=3600", "lastModified": "2025-12-03T00:46:36.638Z", "contentLength": 104629, "httpStatusCode": 200}', 'e928f2da-05cc-4388-bb44-d6d68720b17f', '748ba0b1-73d2-49ec-b48c-1f7a20df69bb', '{}', 1),
	('33156f63-fa70-4013-b902-05d882f36991', 'documentos', 'ZULS830923ML2-1764722912486.pdf', '748ba0b1-73d2-49ec-b48c-1f7a20df69bb', '2025-12-03 00:48:32.532643+00', '2025-12-03 00:48:32.532643+00', '2025-12-03 00:48:32.532643+00', '{"eTag": "\"25d328c228acfc509a81dc877533afa6\"", "size": 97691, "mimetype": "application/pdf", "cacheControl": "max-age=3600", "lastModified": "2025-12-03T00:48:32.520Z", "contentLength": 97691, "httpStatusCode": 200}', '0519108d-ae02-40c3-a3ee-5ee742bf7bb7', '748ba0b1-73d2-49ec-b48c-1f7a20df69bb', '{}', 1),
	('ccb36e08-43c0-454f-bad2-fe917ab291b1', 'documentos', 'ZULS830923ML2-1764728846392.pdf', '748ba0b1-73d2-49ec-b48c-1f7a20df69bb', '2025-12-03 02:27:26.666469+00', '2025-12-03 02:27:26.666469+00', '2025-12-03 02:27:26.666469+00', '{"eTag": "\"450a62683e4928df120a03bc33f860e5\"", "size": 129210, "mimetype": "application/pdf", "cacheControl": "max-age=3600", "lastModified": "2025-12-03T02:27:26.620Z", "contentLength": 129210, "httpStatusCode": 200}', 'cfac1748-3ea7-4693-b6a0-f98d877e9632', '748ba0b1-73d2-49ec-b48c-1f7a20df69bb', '{}', 1),
	('9fcb6854-f43d-45fd-aa4e-05907aef7330', 'documentos', 'LOP&850407XZ4-1764729891322.pdf', 'ce17b815-ebb2-44e5-befc-87815ee6188f', '2025-12-03 02:44:51.391832+00', '2025-12-03 02:44:51.391832+00', '2025-12-03 02:44:51.391832+00', '{"eTag": "\"798639c207559adc2ed24c45377291a3\"", "size": 127718, "mimetype": "application/pdf", "cacheControl": "max-age=3600", "lastModified": "2025-12-03T02:44:51.379Z", "contentLength": 127718, "httpStatusCode": 200}', '3eba7046-770f-4d81-b55c-4e87c9c6268a', 'ce17b815-ebb2-44e5-befc-87815ee6188f', '{}', 1),
	('91f65a78-525d-4c93-9d2f-158a39de25af', 'documentos', 'LOP&850407XZ4-1764732425564.pdf', 'ce17b815-ebb2-44e5-befc-87815ee6188f', '2025-12-03 03:27:05.759451+00', '2025-12-03 03:27:05.759451+00', '2025-12-03 03:27:05.759451+00', '{"eTag": "\"9439f65edee78d7a19fcb9c8d3ee660f\"", "size": 134366, "mimetype": "application/pdf", "cacheControl": "max-age=3600", "lastModified": "2025-12-03T03:27:05.731Z", "contentLength": 134366, "httpStatusCode": 200}', '052e3501-56c7-40f6-89e7-1d0e5098c657', 'ce17b815-ebb2-44e5-befc-87815ee6188f', '{}', 1),
	('bd275f50-a971-4528-aa58-f7fd1ec91e76', 'documentos', 'LOP&850407XZ4-1764732531199.pdf', 'ce17b815-ebb2-44e5-befc-87815ee6188f', '2025-12-03 03:28:51.251216+00', '2025-12-03 03:28:51.251216+00', '2025-12-03 03:28:51.251216+00', '{"eTag": "\"96686131fc4cf064b59e09b7e188f500\"", "size": 100977, "mimetype": "application/pdf", "cacheControl": "max-age=3600", "lastModified": "2025-12-03T03:28:51.238Z", "contentLength": 100977, "httpStatusCode": 200}', '2c187055-3f25-415f-8962-a5bd3c18d1c4', 'ce17b815-ebb2-44e5-befc-87815ee6188f', '{}', 1),
	('37c565a8-2926-4399-8a91-c37d33917e78', 'documentos', 'RMA921228TP9-1764732923665.pdf', '4bbeb609-723c-4da9-b214-8583d29c2c02', '2025-12-03 03:35:23.739348+00', '2025-12-03 03:35:23.739348+00', '2025-12-03 03:35:23.739348+00', '{"eTag": "\"6dd860747f6e3588b33c5ec387ecc365\"", "size": 128119, "mimetype": "application/pdf", "cacheControl": "max-age=3600", "lastModified": "2025-12-03T03:35:23.728Z", "contentLength": 128119, "httpStatusCode": 200}', 'd1230f9f-7219-4093-8e20-48e6233fa4b1', '4bbeb609-723c-4da9-b214-8583d29c2c02', '{}', 1),
	('b1d2f2c0-b9a7-46ab-8a1b-1a6d22b47125', 'documentos', 'RMA921228TP9-1764733939224.pdf', '4bbeb609-723c-4da9-b214-8583d29c2c02', '2025-12-03 03:52:19.30099+00', '2025-12-03 03:52:19.30099+00', '2025-12-03 03:52:19.30099+00', '{"eTag": "\"404a57a65e6f3471ff18df9efd15a5af\"", "size": 97697, "mimetype": "application/pdf", "cacheControl": "max-age=3600", "lastModified": "2025-12-03T03:52:19.283Z", "contentLength": 97697, "httpStatusCode": 200}', '17278bd7-dc0e-4330-af4d-e0436a38df59', '4bbeb609-723c-4da9-b214-8583d29c2c02', '{}', 1),
	('01727738-5667-4fed-ab0a-3c84c9cb7517', 'documentos', 'RMA921228TP9-1764734294553.pdf', '4bbeb609-723c-4da9-b214-8583d29c2c02', '2025-12-03 03:58:14.657176+00', '2025-12-03 03:58:14.657176+00', '2025-12-03 03:58:14.657176+00', '{"eTag": "\"cf54e85c6e616566fbae65045287d793\"", "size": 134377, "mimetype": "application/pdf", "cacheControl": "max-age=3600", "lastModified": "2025-12-03T03:58:14.638Z", "contentLength": 134377, "httpStatusCode": 200}', '3b02b7e9-8164-4c8c-9dfe-305761cafae3', '4bbeb609-723c-4da9-b214-8583d29c2c02', '{}', 1),
	('81a5cbe2-6e55-41fc-978f-f7aa51b2f7d6', 'documentos', 'RMA921228TP9-1764735389404.pdf', '4bbeb609-723c-4da9-b214-8583d29c2c02', '2025-12-03 04:16:29.47891+00', '2025-12-03 04:16:29.47891+00', '2025-12-03 04:16:29.47891+00', '{"eTag": "\"da10753254bc62b81e575883ea5d3a51\"", "size": 107268, "mimetype": "application/pdf", "cacheControl": "max-age=3600", "lastModified": "2025-12-03T04:16:29.465Z", "contentLength": 107268, "httpStatusCode": 200}', 'f307359a-c526-4635-bb3f-183a0569c8cf', '4bbeb609-723c-4da9-b214-8583d29c2c02', '{}', 1),
	('e5ef440b-4db1-41f6-bf3f-9b6689c1e2b7', 'documentos', 'RMA921228TP9-1764737694655.pdf', '4bbeb609-723c-4da9-b214-8583d29c2c02', '2025-12-03 04:54:54.876319+00', '2025-12-03 04:54:54.876319+00', '2025-12-03 04:54:54.876319+00', '{"eTag": "\"b4253df053eb305d3a69487904cab971\"", "size": 111095, "mimetype": "application/pdf", "cacheControl": "max-age=3600", "lastModified": "2025-12-03T04:54:54.851Z", "contentLength": 111095, "httpStatusCode": 200}', 'eedd2f4e-c3a2-4680-8ad3-eaf536b2ea35', '4bbeb609-723c-4da9-b214-8583d29c2c02', '{}', 1),
	('9af45ec6-a94a-4546-b6e4-10a5f44bcf9a', 'documentos', 'RMA921228TP9-1764738784950.pdf', '4bbeb609-723c-4da9-b214-8583d29c2c02', '2025-12-03 05:13:05.040349+00', '2025-12-03 05:13:05.040349+00', '2025-12-03 05:13:05.040349+00', '{"eTag": "\"c769f36f52e1cd59bab33e6f70b2b7f5\"", "size": 106137, "mimetype": "application/pdf", "cacheControl": "max-age=3600", "lastModified": "2025-12-03T05:13:05.028Z", "contentLength": 106137, "httpStatusCode": 200}', '41a9d3d6-a4d6-4ecc-a7cb-6ff432c75418', '4bbeb609-723c-4da9-b214-8583d29c2c02', '{}', 1),
	('142efa4e-e064-4396-8870-18a400e82105', 'documentos', 'RMA921228TP9-1764739887079.pdf', '4bbeb609-723c-4da9-b214-8583d29c2c02', '2025-12-03 05:31:27.160283+00', '2025-12-03 05:31:27.160283+00', '2025-12-03 05:31:27.160283+00', '{"eTag": "\"4fb2077c21ade70f1405ec4979fb6f55\"", "size": 125429, "mimetype": "application/pdf", "cacheControl": "max-age=3600", "lastModified": "2025-12-03T05:31:27.151Z", "contentLength": 125429, "httpStatusCode": 200}', '76a2eab1-f3d0-4beb-97e7-32d5f70af5d3', '4bbeb609-723c-4da9-b214-8583d29c2c02', '{}', 1),
	('080938a0-8c8d-4945-bef6-a6d9306a1a38', 'documentos', 'RMA921228TP9-1764741028365.pdf', '4bbeb609-723c-4da9-b214-8583d29c2c02', '2025-12-03 05:50:28.555031+00', '2025-12-03 05:50:28.555031+00', '2025-12-03 05:50:28.555031+00', '{"eTag": "\"d59c51491dbc23f5a7bca52ce287eb34\"", "size": 134188, "mimetype": "application/pdf", "cacheControl": "max-age=3600", "lastModified": "2025-12-03T05:50:28.531Z", "contentLength": 134188, "httpStatusCode": 200}', '2b464cb4-7a90-4ff8-8a5c-f9994c49fdeb', '4bbeb609-723c-4da9-b214-8583d29c2c02', '{}', 1);


--
-- Data for Name: prefixes; Type: TABLE DATA; Schema: storage; Owner: supabase_storage_admin
--



--
-- Data for Name: s3_multipart_uploads; Type: TABLE DATA; Schema: storage; Owner: supabase_storage_admin
--



--
-- Data for Name: s3_multipart_uploads_parts; Type: TABLE DATA; Schema: storage; Owner: supabase_storage_admin
--



--
-- Data for Name: vector_indexes; Type: TABLE DATA; Schema: storage; Owner: supabase_storage_admin
--



--
-- Data for Name: hooks; Type: TABLE DATA; Schema: supabase_functions; Owner: supabase_functions_admin
--



--
-- Name: refresh_tokens_id_seq; Type: SEQUENCE SET; Schema: auth; Owner: supabase_auth_admin
--

SELECT pg_catalog.setval('"auth"."refresh_tokens_id_seq"', 78, true);


--
-- Name: hooks_id_seq; Type: SEQUENCE SET; Schema: supabase_functions; Owner: supabase_functions_admin
--

SELECT pg_catalog.setval('"supabase_functions"."hooks_id_seq"', 1, false);


--
-- PostgreSQL database dump complete
--

-- \unrestrict fHtfjNa2OhBuYqJ9X0fB8RVWGYFZZmW70FSGLarE05rLHW1Yj1C9RW3UA0WWdHi

RESET ALL;
